event_id,number_of_sources
147997,5
149221,1
149248,9
149249,1
149251,1
149250,8
153030,4
149866,3
149868,1
419757,1
149876,3
149879,2
398179,1
398183,1
149973,3
152957,10
399045,1
399046,1
399063,1
399053,2
153027,2
153037,2
153149,1
153143,3
153433,1
153154,7
153435,6
400158,1
153997,10
154007,2
400186,1
154030,6
417904,1
154034,7
400197,2
400200,1
406991,1
154047,4
154049,1
154050,7
154054,1
406994,1
154058,5
154062,1
406995,2
406996,2
154067,1
154068,2
407090,1
154070,2
154177,1
407094,1
407096,1
407098,1
407100,1
407136,1
154072,1
154074,1
154156,2
407173,1
154179,3
154178,1
154405,1
154404,1
154182,2
407195,1
154408,2
407196,1
154409,2
154410,1
154412,2
407199,1
407200,1
407305,1
418937,1
154734,1
407331,2
407334,1
392366,1
154413,3
407373,1
407414,2
407407,1
407408,1
407409,1
407410,1
407413,1
407417,1
154633,3
154652,2
407452,1
407453,1
408434,1
407513,1
407503,1
154666,1
154667,1
154690,1
407527,1
407529,1
407555,1
407573,1
407598,1
407615,2
407695,1
407696,1
154676,2
407710,3
407729,1
154679,7
407739,1
407740,1
407751,1
407752,1
154684,1
154683,1
407777,1
408080,1
408084,1
408085,1
408087,1
408093,1
408170,1
408159,1
408161,1
408166,1
408168,1
408179,1
408241,1
408227,1
408278,1
408238,2
408234,1
408277,1
154693,1
154692,2
155076,1
408255,1
408258,1
408261,1
408273,2
408253,1
417760,1
408280,1
408281,1
408291,1
408299,1
408303,1
408306,1
154696,1
154694,2
154697,3
154698,2
408318,1
408325,1
408334,1
408329,2
408406,1
408412,1
408421,1
154702,3
154703,1
408428,1
408430,1
408431,1
408441,1
408444,1
408447,1
408448,1
408460,1
408464,2
408465,1
408466,1
154707,1
154732,1
408497,1
408502,1
408487,1
408495,1
154847,1
154999,1
155000,1
410213,1
410216,1
410220,1
410223,1
410227,1
410232,2
410250,1
410672,1
410675,1
410679,1
410634,1
155003,1
155252,1
155005,1
410713,1
410717,1
410677,1
410722,1
410724,1
410725,1
411120,1
410759,1
410761,1
410870,1
410884,1
410929,1
410930,1
410933,1
410936,1
410882,1
419893,1
415148,1
155009,1
410976,1
410978,1
410985,1
410990,1
411063,1
417631,1
410987,2
411006,2
411016,1
411019,1
411058,1
411121,1
411126,1
411130,1
411112,1
411113,1
155016,3
415062,1
414867,1
414876,1
414877,1
414879,1
414882,1
414884,1
414885,1
414887,1
414889,1
414893,1
414895,1
155026,1
155109,3
411132,1
411135,1
411176,1
411180,1
411198,1
155039,1
155050,1
414919,1
414920,1
414934,1
414935,1
415079,1
414941,1
414942,1
414943,2
414944,1
414945,1
414946,1
414952,1
414990,1
414991,1
414992,1
414993,1
155058,1
415036,1
415047,1
415050,1
415051,1
415053,1
415054,1
415055,1
415056,1
415057,1
415058,1
415059,1
415060,1
415061,1
415066,1
415102,1
415103,1
415107,1
415109,1
415111,1
415334,1
155095,1
155096,1
155090,2
155091,2
415128,1
415130,1
415131,1
415132,1
415133,1
415134,1
415135,1
416839,5
415153,4
415142,1
415146,1
155098,1
415177,1
415180,1
415183,1
415186,1
415187,1
415162,1
415164,1
415165,4
415167,1
415172,2
415173,1
415174,1
415203,1
415207,1
415208,1
415210,1
415211,2
415212,3
415227,3
415228,8
415233,1
415236,1
415238,1
415239,1
415241,3
415245,1
415246,1
415247,1
415250,1
415222,1
415276,1
415277,1
415278,1
415279,2
415321,1
415275,1
415269,1
415271,1
415272,2
415254,1
415255,1
415256,1
415257,1
415258,1
415259,1
415260,1
415261,1
155103,1
415282,1
415292,4
415311,1
415313,1
416801,1
416804,1
415394,1
417899,1
415331,1
415332,1
415333,1
415335,1
415340,1
415341,1
415342,1
415343,1
415344,1
415345,1
415346,1
415347,4
415348,3
415349,1
415350,1
155108,1
415352,9
415353,1
415398,2
415399,1
415400,1
415401,1
415402,1
415424,1
415425,1
415429,1
415430,1
415431,1
415432,1
415434,1
415435,1
415436,1
415437,1
415438,1
415439,1
415441,1
415442,1
415444,1
415445,1
415446,1
415447,1
416755,1
415475,1
415476,1
415477,1
415478,1
415481,1
415492,1
415493,1
415494,1
415495,1
415496,1
415511,1
415513,1
415518,1
415519,1
415521,1
415523,1
415526,1
415527,1
415541,1
415542,1
415543,1
415544,1
415545,1
415546,1
415558,1
415560,1
415566,1
415567,1
415568,1
415570,1
415571,1
415572,1
415574,1
415575,1
415579,1
415582,1
415584,1
415585,1
416803,1
415483,1
415491,1
415599,3
415600,1
415601,1
415604,1
415605,1
415615,1
415616,3
415618,1
415619,1
415620,1
415621,1
415622,1
415630,1
415631,1
415634,1
415635,1
415638,1
415639,1
415646,1
415647,1
415649,1
415650,1
415652,1
415653,1
415655,1
415656,1
415659,1
415660,1
415661,1
415662,1
415663,1
415664,1
415665,1
415668,1
415669,1
415671,1
415673,1
415674,1
415675,1
415676,1
415677,1
415678,1
415679,1
415680,1
415681,1
415682,1
415684,1
415685,1
415686,1
415687,1
415688,1
415689,1
415690,1
415691,1
415692,1
415693,1
415695,1
415696,1
415697,1
415698,1
415699,1
415700,1
415702,1
415703,1
415709,1
415710,1
415712,1
415713,1
415716,1
415718,1
415719,1
415720,1
415721,1
415722,1
415723,1
415724,1
415727,1
415729,1
415732,1
415733,1
415734,1
415735,1
415771,1
415772,1
415773,1
415774,1
415775,1
415776,1
415777,1
415778,1
415779,1
415780,1
415781,1
415782,1
415783,1
415784,1
415785,1
415786,1
415787,1
415788,1
416536,1
416539,1
416540,1
416544,1
416546,1
416547,1
416549,1
416550,1
416551,1
416554,1
416555,1
416562,1
416563,1
416564,1
416568,1
416570,1
416571,1
416572,1
416573,1
416574,1
416589,1
416590,1
416594,1
416612,1
416613,1
416614,1
416616,1
416621,1
416622,1
416623,1
416637,1
416639,1
416641,1
416643,1
416646,1
416647,1
416650,1
416652,1
416653,1
416689,1
416690,1
416691,1
416701,1
416702,1
416704,1
416723,1
416724,1
416726,1
416730,1
416731,1
416735,1
416738,1
416739,1
415386,1
415388,1
415389,1
415390,1
415391,1
415392,1
415393,1
415372,1
415373,1
415374,1
415375,1
415377,1
415378,1
417582,1
416800,1
429192,1
416758,1
416759,1
416776,2
416777,4
416798,1
416817,1
416818,1
416808,6
416809,1
416811,1
417030,1
417165,1
417011,1
417013,1
417008,1
155250,1
155251,1
417107,1
417433,1
417554,1
417141,1
417142,1
417143,1
417146,1
417147,1
417157,1
155253,1
155255,1
417158,5
417159,1
417163,1
417400,3
417290,1
155259,1
417406,1
417409,1
417426,1
417429,1
417442,3
417449,2
417522,1
417523,1
417524,1
417525,1
417526,1
417527,1
155267,2
417528,1
417534,1
153151,1
155081,1
154701,1
400194,1
154042,1
154048,1
154063,3
154065,1
407071,1
407132,1
407130,1
154073,6
154161,6
426046,2
407162,1
407168,3
407197,1
407198,1
407311,1
418935,1
407328,1
407339,1
154674,1
407372,1
407376,1
407406,1
154414,2
407411,1
407412,1
407415,1
407416,1
154655,1
154637,2
154641,2
154654,3
154669,1
154661,1
407508,2
407454,1
407456,1
407457,1
407530,1
407531,2
154662,1
154665,1
154672,1
407562,1
407568,1
407580,1
420128,1
407611,2
154677,3
407697,1
407699,2
407714,1
407721,1
407738,1
407743,2
407747,1
407749,1
407755,1
407761,1
407762,1
414811,1
154687,1
407763,1
407767,2
408140,1
408091,1
155073,1
154689,2
408178,1
408176,1
408173,1
408180,1
408181,1
408249,1
408230,1
408279,1
408272,1
408287,1
408289,1
154695,1
408307,1
408317,1
408319,1
408330,1
408327,1
408337,1
154700,2
154704,1
408403,1
408463,1
154706,2
154733,1
408477,1
408479,1
408481,2
408508,1
410621,1
410630,1
410254,1
410262,1
410267,1
410611,2
410667,1
410728,1
410678,1
410720,2
410756,1
410886,1
410891,1
410931,1
410975,1
410991,1
410994,1
411111,1
411133,1
411134,1
411202,1
414899,1
414903,1
414905,1
414907,1
414908,1
414909,1
414910,1
414911,1
414933,5
415323,1
414936,1
414937,1
414938,1
414940,1
414994,1
414995,1
414999,1
415001,1
415003,1
415021,6
415027,1
415029,1
415031,1
415033,1
415048,1
415049,1
415063,1
415064,1
415065,1
415105,1
415097,1
155061,1
415129,1
417410,1
415136,1
415137,1
415138,1
415139,2
415140,1
415154,1
155097,1
415161,1
415178,1
415176,1
415198,2
415200,1
415201,1
415202,2
415213,1
415214,1
415209,1
415204,1
415205,1
415220,1
415221,1
415223,1
415226,1
417648,1
415251,1
155102,5
415328,1
415329,1
415330,1
415281,1
415284,1
415285,2
415286,1
415287,1
415288,1
415289,1
415291,1
429135,1
416752,1
415336,1
415337,4
415338,1
415339,1
415587,1
416741,1
416750,1
416761,1
416762,1
416763,1
416764,1
416767,2
416768,1
416772,1
416773,1
416774,1
416775,1
416797,1
416813,1
416816,1
417404,1
418374,1
417009,1
416999,2
417004,1
417005,1
417006,1
417007,1
417023,1
417029,1
417032,1
417034,1
417038,1
417039,1
417044,1
417045,1
417048,1
417049,1
417053,1
417070,1
417071,1
417072,1
417073,1
417074,1
417103,1
417104,1
417105,1
417108,1
417423,1
417164,1
417408,1
417148,1
417149,1
417150,1
417153,1
417154,1
417166,3
417224,1
417225,1
417226,5
417227,1
417228,1
417231,1
417233,1
417234,1
417235,1
417236,1
417237,1
417239,1
417240,1
417254,1
417255,1
417258,1
417259,1
417261,1
417262,1
417265,1
417266,3
417273,1
417277,1
417278,1
417280,1
417281,1
417309,1
417401,1
417402,1
417403,1
417405,1
417407,1
417412,1
417413,3
417419,1
417431,1
417520,1
417521,1
417519,2
417445,1
417447,1
417536,1
421059,1
420093,1
155269,1
155270,1
155272,1
417538,1
156948,1
155274,1
155275,1
155276,1
155277,1
155278,1
417540,1
417541,1
417542,1
417555,1
417545,1
417547,1
417551,1
417552,1
417570,1
417572,1
417581,1
417583,1
417629,1
417635,1
417592,2
417593,1
417632,1
417633,1
417630,1
417634,1
417636,1
417637,1
417638,1
417639,1
417649,1
417640,1
417641,1
417642,1
417643,1
155282,1
417650,2
417647,1
417651,1
417652,1
417654,7
417659,1
155284,2
155285,1
417657,1
417761,1
417663,1
417664,1
156953,2
155287,5
155288,1
155289,3
155292,1
155293,1
417762,1
417763,1
417764,1
417765,1
417767,2
417768,3
417769,3
417800,1
417777,1
417779,1
155297,1
417780,1
417782,3
417783,2
417784,1
417798,1
417802,1
417803,1
417804,1
417806,1
155337,1
155340,1
155317,1
155335,2
155329,1
155332,1
417814,1
417815,1
417816,1
155349,1
155351,1
155352,1
155358,1
417864,1
417866,1
417869,1
155361,1
155362,1
155355,1
417896,1
417897,1
417898,1
417900,2
417902,4
155365,1
155366,1
155369,1
417905,2
417906,1
417914,3
417915,1
417916,1
417953,1
417917,1
417918,1
417920,1
417922,1
417952,1
155373,2
155374,1
155375,1
417954,1
417960,1
417963,1
417967,4
417972,1
417975,1
418081,1
418077,1
418079,1
418075,1
418086,1
418089,1
155377,1
418094,1
418097,1
418098,1
155378,1
418108,1
418109,1
418113,1
418121,1
155409,1
418123,1
418125,1
418139,1
418140,1
418130,1
418137,1
418238,1
418239,1
418241,1
418249,3
418256,1
418258,1
418281,1
155412,1
155413,1
155416,1
156954,1
418279,1
418284,1
418310,1
418311,1
418275,1
418262,1
418312,1
418313,1
418314,2
418315,1
418316,1
418317,1
418318,1
155424,1
155425,1
155426,1
155428,1
418319,1
418320,1
418321,1
418347,1
155429,2
418322,1
418323,1
418324,1
418325,1
418326,1
418340,1
418327,1
418329,1
418330,1
418331,1
418341,1
418380,1
418349,2
418352,1
418358,1
418369,1
418370,1
418371,1
418382,3
418386,1
418433,1
418434,1
418435,1
418436,2
155442,1
155438,2
155439,1
155440,1
418437,1
418438,1
418440,1
418446,1
418447,1
418449,1
418452,2
418458,1
156674,2
156675,1
418459,1
418466,1
418492,1
418495,1
418502,1
418470,4
418476,3
418489,1
418490,2
156681,1
418506,1
418509,1
418511,1
418525,1
418526,1
418527,1
418528,1
418534,1
418562,1
418539,2
156689,1
156690,1
418563,1
418567,1
418568,1
418569,1
418570,1
418572,1
418627,1
418628,1
418630,1
418631,1
418632,1
418633,1
418635,1
418641,1
418636,2
156759,1
156760,1
156761,1
156696,1
418638,1
418639,1
418642,1
418643,1
418648,1
156791,1
156792,1
156793,1
418650,1
418651,1
418652,1
418654,1
418655,1
418665,1
418667,1
418672,1
418674,1
418676,1
418679,1
418680,1
418813,1
418677,1
156798,1
156800,1
156802,2
418778,1
418775,1
418776,1
418777,2
156806,1
418779,1
418780,1
418781,1
418782,1
418783,1
418784,1
418785,6
156834,1
156835,1
418786,1
418787,1
418793,1
418795,6
156955,1
418799,1
418800,1
418810,2
418814,1
418815,1
418817,1
418818,1
418822,1
418823,1
156845,1
418826,1
418827,1
418884,2
418885,1
418886,1
418887,1
418888,1
418889,1
418890,1
418891,3
418892,1
418893,1
418894,2
419853,1
418902,1
418904,1
418906,1
418910,3
418915,1
418916,1
156851,1
418912,1
419854,1
419852,1
198673,1
203643,2
198678,2
419857,1
419860,1
420088,1
419885,1
419887,1
419890,2
420089,2
420094,1
198682,3
198680,2
421239,1
420109,1
420111,1
420114,1
420117,1
420582,1
420649,1
198693,5
198695,1
198696,1
198895,1
203423,1
198701,1
420129,1
198835,2
198826,1
198827,2
198828,2
198829,1
198830,1
198831,1
198832,1
198833,1
420583,1
420584,1
420586,1
420587,4
420590,1
420599,1
420591,2
420595,1
420597,2
420589,2
198834,1
198844,1
198846,3
198839,1
420600,1
420601,3
420604,1
420607,1
420611,1
420650,1
420641,1
420643,1
420616,1
420617,1
420635,1
420903,1
420890,1
198859,1
198860,2
420636,1
420660,1
420662,1
420666,5
420669,1
420670,2
420680,1
420682,1
420684,1
420685,1
420687,1
420688,1
420704,1
420705,1
420710,1
420711,1
420713,1
420714,1
420715,1
420723,1
420767,1
420769,1
420773,1
420774,1
420781,1
420782,1
420790,1
420791,1
420797,1
420807,1
420808,1
420811,1
420814,1
420825,1
420826,1
420832,1
420834,1
420845,1
420848,1
420868,1
420870,1
198887,1
198890,1
420891,3
420902,1
420873,1
420874,1
420918,1
420919,1
420921,1
420988,1
420989,1
420990,1
420991,1
420995,1
420997,1
421016,1
421017,1
421018,1
421019,1
421020,1
421021,1
421032,4
421036,2
421198,1
198869,1
198899,1
421053,1
421054,1
421055,1
421056,1
421057,1
421058,1
421060,1
421061,1
421062,1
421063,1
421064,1
198904,1
198915,1
198917,1
421067,1
421069,1
421070,2
421071,3
421170,1
421176,7
421189,1
421190,2
421196,1
421201,1
421202,2
421206,5
421231,1
421232,1
421233,1
421234,1
421241,1
421250,1
421439,1
198925,1
198947,1
198948,1
198949,1
198945,1
421251,1
421256,1
421257,1
421260,1
421262,1
421294,1
421295,2
421302,1
421306,1
421581,1
423737,1
421308,2
421318,3
421322,3
421435,1
421436,1
428285,1
422609,1
198953,1
198955,1
198958,1
198960,2
421440,1
421455,1
421463,1
421465,1
421453,1
421513,1
421519,4
421582,2
421599,1
421601,1
421608,1
421614,1
421618,1
421620,1
421623,1
422210,3
422253,3
422260,1
422277,1
422280,3
422282,4
422418,2
422428,1
422429,1
422430,1
422330,1
422321,2
422361,3
422566,3
422436,1
422437,1
422443,1
422449,1
422450,2
198962,2
198964,2
198965,2
198966,2
198967,2
422602,1
422603,1
422683,4
422701,1
422705,1
422706,1
423734,1
423736,2
203337,1
203335,1
203343,1
424117,1
423790,1
423791,1
423794,1
423799,2
423803,1
423806,1
423817,1
423819,1
423820,4
423823,1
423824,1
423836,1
423840,1
423843,3
423847,4
423881,1
423882,1
423883,1
203356,1
203354,1
423884,2
423885,5
423886,1
423898,1
423899,1
423900,1
423919,1
423928,1
423935,2
423951,2
423955,1
424832,1
203368,2
203365,2
423956,3
424029,1
424030,1
423991,18
424006,4
424023,4
424027,2
423952,1
424032,1
424033,1
424034,9
424070,5
424071,1
424031,2
203377,3
203393,1
203391,4
203392,2
424089,1
424091,1
424104,1
424106,1
424119,1
424123,1
424170,2
424171,3
424172,1
424175,11
424176,3
424180,1
203395,1
203396,1
203397,1
203398,1
424185,8
424200,2
424201,2
424204,1
424205,1
425984,1
424217,1
424218,2
424240,1
424241,2
424244,1
424245,1
424248,3
203399,1
203402,1
203403,1
203401,1
424251,5
424253,1
424254,3
424259,8
424296,2
424297,5
424298,3
424300,1
424302,1
424303,1
424831,1
424319,1
424320,1
424322,10
424333,3
424335,5
424350,1
424351,1
424403,2
424405,2
424830,1
425987,1
424833,1
425964,1
203406,23
203407,1
425966,1
425969,1
425973,1
425990,1
425995,2
425996,1
425997,1
426039,1
426040,1
203413,4
426041,1
426043,2
203415,3
203418,2
428093,1
428094,2
203419,2
203420,2
428096,1
428158,1
203424,2
428161,1
428176,1
428177,1
203425,3
428178,1
428180,1
428181,1
428182,1
428185,1
203426,2
203504,2
203509,5
203514,1
203507,1
428189,1
203520,2
428447,1
428202,1
428272,2
203523,2
203524,1
203526,1
203528,2
203529,3
203619,3
428291,2
428287,3
203616,1
203611,2
203612,1
428301,1
428903,1
428299,1
428300,1
203627,1
428302,1
428309,1
203628,2
428448,1
203633,6
203635,13
203637,10
428668,1
428673,1
203638,3
428674,1
428677,1
428772,1
428773,1
428774,1
203645,2
203653,7
428779,1
428780,1
203656,2
203661,1
428783,1
428785,1
428818,1
428820,1
203663,2
428822,1
428897,1
428898,1
203665,1
203667,5
203666,5
428904,1
428931,1
428932,1
203668,2
203669,1
203670,3
203671,1
203672,1
203673,1
203674,5
428974,1
203677,3
203678,2
203679,2
203680,3
203681,1
429029,1
429031,1
429036,1
429102,1
203682,1
203683,9
203684,6
429039,1
429103,1
429126,1
429127,1
203685,2
429138,1
429132,2
429133,1
429149,1
429137,1
429136,1
429139,1
203686,4
203687,3
429147,1
203688,5
429148,1
429151,1
203689,7
429159,1
429163,5
204570,4
204566,3
204578,2
429174,1
429175,1
429177,1
204572,3
204580,2
204582,1
204585,1
204587,1
204588,2
204590,2
204594,2
204595,1
429180,1
429182,1
429184,1
429187,1
429194,1
429196,1
204596,3
204597,1
204598,1
204599,2
429209,1
429213,1
429206,2
204600,2
204601,1
204602,1
204603,2
204604,2
429274,1
429283,1
429285,2
204606,8
204605,1
204712,1
204698,1
204784,2
429294,1
429311,1
429297,1
204785,2
204786,9
204787,2
395636,2
407004,2
422339,1
429306,1
211797,1
204788,1
204790,2
429313,1
429315,1
429317,2
429318,2
429319,4
204791,3
204793,2
204794,2
429329,2
429351,1
429356,1
429372,1
429373,1
204797,4
204798,1
204800,1
204801,1
429582,3
429598,2
429625,1
429592,2
204802,1
204803,1
429608,1
429609,1
429613,1
429615,1
429619,2
429622,1
429629,1
204808,3
429739,1
429685,1
429687,2
429701,1
429704,1
429763,1
429735,1
429738,1
204926,3
204927,2
204932,1
204935,3
204936,2
429758,1
392740,1
429818,1
429820,1
429826,1
204938,2
204940,2
204941,2
429829,1
392756,1
392763,1
204942,2
429845,1
429847,1
429849,1
429852,1
429850,2
429906,1
429929,1
429891,1
429892,1
429893,1
204950,1
204951,1
204952,2
429894,1
429895,1
429900,1
204954,2
204955,3
429916,2
392783,2
429932,1
429923,1
429928,1
429991,2
429942,1
429943,1
429990,2
204958,3
204960,1
429992,1
429993,1
429995,2
236751,2
204961,2
204962,4
433253,2
433254,1
433264,1
433267,1
433268,1
204965,2
204968,1
433270,1
433271,4
204971,2
433272,1
433273,1
204972,1
204973,1
204974,1
211716,1
205044,1
205045,1
205047,3
211942,1
205049,1
205051,1
211789,1
211791,2
211792,1
211800,1
211801,1
211804,1
211918,4
211921,1
211924,2
211925,1
211926,1
211927,1
211930,1
211931,1
211932,1
211934,3
211935,4
211940,1
211941,1
211949,1
218220,1
218221,1
218222,1
218219,1
218224,1
218226,1
218227,1
218228,1
218232,1
218229,1
218231,1
218233,2
218235,1
218642,1
218638,1
218639,1
218641,1
218645,1
218647,1
218648,1
218649,1
218719,1
218720,1
218724,1
218723,1
218725,1
218726,1
218728,1
218730,1
218734,1
218750,1
218755,1
218752,2
218758,1
218759,1
218764,1
218765,1
225853,1
225859,1
225861,1
225863,1
225868,1
236746,3
225866,1
225871,1
225872,2
225874,1
225875,1
225876,1
232238,1
232239,1
232243,1
232244,1
429358,1
232417,1
232418,1
232419,1
232420,1
232422,2
232615,1
232616,1
392670,1
233435,1
232617,2
232749,1
232736,1
232730,1
232745,1
232746,1
232767,1
232752,5
232772,3
232775,1
232776,2
232778,1
392672,1
232780,1
233437,1
233440,1
233443,1
233444,1
233454,1
233457,1
233458,1
235419,1
235421,1
235425,1
235426,1
235428,2
235429,1
235430,1
235434,1
235436,1
235437,1
235556,1
235551,1
235553,1
235557,3
235558,1
235559,1
235560,1
235563,1
235582,1
235579,1
235584,1
235613,1
235621,1
235616,1
235622,1
235630,1
235623,1
235637,2
235641,2
246611,1
238990,1
238997,1
239003,1
239007,3
239312,1
246867,1
239321,2
239008,3
239009,2
239014,1
239017,1
239036,2
239056,1
239052,1
239054,1
239300,1
239134,1
239140,1
239151,1
239143,1
239145,1
239144,1
239150,1
252014,1
239152,1
239155,1
239167,1
239169,1
239177,1
239176,1
239174,1
239173,1
239175,1
239186,1
239183,2
239184,1
239195,1
239187,1
239191,1
239193,1
239194,1
239196,1
239198,1
239297,1
239200,1
239224,1
239220,1
239222,1
246860,1
239223,1
239229,1
239228,1
239240,1
239235,1
239239,1
239238,1
246862,1
246863,1
246864,1
239242,1
246865,1
246866,1
239246,1
239244,1
239245,1
239249,1
239247,1
239248,1
252016,1
239251,1
239256,1
239252,1
239253,1
239255,1
239261,1
239257,1
239258,1
239260,2
239264,1
239262,1
239263,1
239269,1
239270,1
392570,1
246498,1
246428,1
392574,1
246434,1
392575,1
246470,2
246466,1
246463,1
246502,1
246749,1
246811,1
246809,1
246810,1
246515,1
246803,1
246537,1
246520,1
246804,1
246536,1
246539,1
246806,1
246610,1
246545,1
246808,1
246615,1
246636,1
246633,1
246729,1
246644,1
246645,1
246654,1
246653,1
246681,1
392034,1
246691,1
246686,1
246693,1
392037,1
392039,1
246704,1
246697,1
246698,1
246700,2
246705,1
246720,1
249214,1
246707,1
249209,1
248944,1
248929,1
248928,1
249212,1
249220,1
248930,1
248932,1
248940,1
249223,1
249226,1
248947,1
248945,1
249227,1
248946,1
248949,3
248950,1
248954,1
249233,1
249236,1
248957,1
249237,1
249238,1
249240,1
249242,1
275515,1
315763,1
257449,1
257494,1
275542,1
275543,1
275544,1
275518,1
258165,1
275554,1
257504,2
258162,1
257526,1
258161,2
258160,2
275514,1
258159,1
258156,1
258293,1
275512,1
258155,1
258153,1
258152,1
257655,2
257695,1
258148,2
258146,1
257707,2
258051,2
258144,1
257753,2
257754,1
257755,1
259957,1
257760,1
257764,1
257796,1
257813,1
257862,1
275596,1
275597,1
257882,2
257899,2
257906,1
257909,1
257957,1
257964,1
257969,1
258245,2
275507,1
275431,1
275430,1
257979,1
257991,1
257997,1
258137,1
258967,1
275552,1
258129,2
259015,1
259016,2
258125,1
259125,2
259027,1
258242,1
258243,2
259066,1
258112,1
258104,1
258203,2
259078,1
275502,1
259940,1
259919,2
275495,1
275498,2
263676,1
275493,1
263696,2
264357,1
263702,2
263706,2
275410,1
264414,2
263750,2
264423,2
264634,2
264432,2
264434,2
264436,2
266759,2
275479,1
266717,2
266744,1
266739,3
266790,1
266753,1
266887,1
270683,1
275416,1
271138,1
266792,1
275419,2
271130,1
275274,1
275275,1
275575,1
271440,1
275478,1
275590,1
275348,1
275283,2
275285,1
275286,2
275477,1
325469,1
422086,1
304054,1
289094,1
422160,1
422056,1
315773,1
315715,1
289106,2
289109,1
289558,1
289559,2
315623,1
289301,1
304089,1
289305,1
422032,1
421421,1
289306,2
289560,1
289561,1
289563,1
289311,1
289325,2
421422,1
289324,2
289568,2
315714,1
289579,1
289327,1
289570,1
289375,1
289377,1
289577,1
289580,2
421423,1
289378,1
289385,1
289418,1
289581,1
421410,1
289419,1
289582,2
289585,1
421412,1
289586,1
289428,1
304140,1
289587,2
421414,1
421415,1
289588,1
289589,2
421375,1
304231,1
289590,1
289494,1
289591,1
289592,1
289593,1
289594,1
421379,1
421380,1
289595,1
421342,1
301329,3
301330,1
301332,1
301333,1
301336,2
421344,1
421348,1
315583,1
301338,1
301339,2
301340,1
315649,1
421354,1
315647,1
421361,1
421160,1
303313,1
303990,1
303991,1
303975,3
303993,1
315654,1
421161,1
304040,1
304005,1
304008,1
304009,3
304011,2
304017,2
304025,2
304042,1
304044,2
304045,2
315668,2
315670,2
315673,2
421336,1
304048,1
304051,1
304053,2
421155,1
300084,3
421156,1
307963,1
307967,1
307969,2
307971,1
324758,1
421158,1
308088,3
308096,1
308099,1
308112,1
421148,1
308113,1
308114,1
315710,1
315882,1
308115,1
308116,2
308223,2
308238,1
421150,1
315605,1
315711,1
315831,1
315880,2
308279,2
308284,1
308288,1
421153,1
308295,2
308330,2
308333,2
421154,1
315879,1
315782,2
315783,2
315824,1
315784,1
421146,1
315785,4
315786,1
315787,2
315807,1
421147,1
315797,1
315789,1
421143,2
324083,1
324076,1
324408,2
324101,1
421145,1
324707,1
324410,2
421141,1
324417,2
324712,1
324718,1
421142,1
324720,1
324650,2
324651,1
324728,1
324730,1
338547,1
421127,1
338200,1
338593,2
338047,2
338512,1
338049,3
338051,1
338062,2
338063,1
338064,2
338606,1
338605,3
338072,3
421123,1
338579,1
421124,1
421126,1
338161,2
338586,1
338166,2
338519,1
338615,1
338171,1
338172,2
338179,4
349574,1
338181,1
338198,2
338208,1
338209,3
338211,2
376168,1
376169,1
376170,1
376171,1
338439,1
338454,1
359760,1
338620,2
366897,1
343811,1
343823,1
343828,1
350720,1
421107,1
376174,1
376175,1
344392,1
344046,1
421108,1
421110,1
343816,2
350718,1
344110,2
344118,1
344119,2
376151,1
421024,1
349590,2
349599,2
349613,2
349615,1
349640,1
350711,1
349584,1
349641,2
349642,3
349668,6
349670,2
349686,1
349687,1
349688,2
349689,2
349690,1
390397,1
354371,1
354373,1
359075,1
390411,1
366894,2
366895,1
366327,1
390406,1
366845,3
372088,1
371807,2
372061,1
372062,1
420062,1
371806,3
372076,1
420059,1
374267,1
379607,2
379578,1
379213,2
379491,2
379494,2
379616,2
385255,1
402783,1
379512,2
384821,2
384826,2
384837,4
384843,3
384853,5
385031,2
414478,1
385036,3
385040,2
385048,2
385050,2
385053,3
390377,1
402772,1
402777,1
389855,1
389857,1
389858,1
389861,3
389871,2
389867,1
390361,1
420052,1
389875,2
389879,2
390370,1
389886,1
389882,1
389890,6
396640,2
389906,5
420050,1
389909,3
396536,1
396535,3
395587,3
395613,3
395615,3
395632,2
401599,2
395643,1
395645,2
395646,3
395682,2
395686,1
395689,3
396541,1
401598,2
420036,1
395704,2
401592,1
402791,1
401594,2
401595,2
401597,1
401600,2
401602,2
401604,2
420035,1
402805,1
402787,1
405424,2
404132,3
405425,2
420005,1
404147,2
404164,3
405397,1
408893,2
408900,3
408906,2
408916,2
409453,1
408964,2
408972,1
419938,1
413786,2
409427,1
413662,2
413664,3
413667,2
419940,1
413681,3
413685,2
413835,1
413691,1
413696,1
413698,1
413736,3
419980,1
415899,1
415901,1
415795,3
415803,2
415902,1
415904,1
415873,3
415880,2
419990,1
428891,1
419924,1
419925,1
419927,1
419336,2
423349,1
423346,1
419342,2
423340,1
423260,1
423342,1
423333,2
423334,1
423335,2
425462,1
425491,1
425435,2
425494,1
425446,1
425444,2
236742,1
204789,2
429316,1
429344,1
429345,1
204792,1
236753,1
204795,3
236757,4
429678,1
204809,6
429682,1
204810,2
204812,2
204813,2
429754,1
204933,6
204934,2
204937,2
392776,2
429903,1
429921,1
204956,1
236756,3
433265,2
433269,1
236750,1
205066,1
211795,1
211799,1
236755,1
236754,1
211802,1
211922,1
211929,1
236749,3
211936,1
218644,1
218643,1
218733,1
236748,1
236747,1
225855,1
225860,1
225865,3
232421,1
232756,5
233441,1
236745,1
235427,2
235435,1
236744,1
246868,1
239000,1
239001,2
239309,1
239299,1
252013,1
239154,1
239158,1
239188,1
239190,1
239298,1
239232,1
246861,1
239241,1
239243,2
252017,1
239254,1
239295,1
239268,1
392573,1
246474,2
246816,1
246506,1
246818,1
246526,1
246807,1
252020,1
252023,1
246616,1
246647,1
249210,1
249216,1
248938,2
249229,1
249230,1
249231,1
315741,1
275594,1
275609,1
258151,1
275598,1
257773,2
264217,1
257836,2
257844,1
257911,1
275546,1
275536,2
257972,1
258024,2
275537,1
275538,2
259939,1
259909,1
259904,1
264224,1
263660,1
275593,1
263699,1
263713,1
275539,2
275427,1
263747,3
275414,1
264349,1
264620,2
275540,2
275541,1
266882,4
275592,1
275426,1
271437,1
271499,1
275595,1
275259,1
289556,1
289100,1
325470,1
289557,1
315771,1
325471,1
289357,1
289571,2
289373,1
325472,2
315724,1
301328,2
325473,1
303996,3
304049,2
315691,3
304236,1
324759,1
324760,1
308268,1
308293,1
308323,1
315781,2
315790,1
315792,1
324409,1
324457,3
376162,1
376164,1
338592,2
338046,2
338048,1
338050,3
338055,2
338057,2
338077,1
338083,2
376163,1
338160,6
338162,2
338163,2
376165,1
338611,1
338164,1
338167,1
338616,1
338169,1
338199,1
338197,1
338438,2
338441,1
338442,2
338619,1
343812,2
376173,1
343813,2
343814,3
343815,1
350717,1
376146,1
343817,1
349608,1
366896,1
376153,1
350715,1
349661,2
349667,2
376155,1
354299,2
354372,1
376156,1
376178,1
390405,1
358330,3
366892,1
376179,1
374353,1
374284,1
425443,1
379615,2
379544,1
402782,1
385047,1
385254,1
402779,1
389902,1
395619,2
396538,1
395640,3
395647,1
395678,1
396542,1
401610,1
401593,2
401596,1
401606,2
405392,1
408910,3
409455,1
409457,1
408917,2
413942,1
413687,3
413737,2
413738,2
415801,2
415810,1
415807,2
415903,1
415875,2
419349,1
419338,2
423343,1
423262,2
423285,2
423344,1
425442,2
