connection_id,source_id,original_id
1000,8000,1
1001,8000,2
1002,8001,1
1003,8001,2
1004,8002,1
1005,8002,2
1006,8003,1
1007,8003,2
1008,8004,1
1009,8004,2
1010,8005,3
1011,8006,4
1012,8006,5
1013,8006,6
1014,8006,7
1015,8007,4
1016,8007,5
1017,8007,6
1018,8007,7
1019,8008,4
1020,8008,5
1021,8008,6
1022,8008,7
1023,8009,4
1024,8009,5
1025,8009,6
1026,8009,7
1027,8010,4
1028,8010,5
1029,8010,6
1030,8010,7
1031,8011,4
1032,8011,5
1033,8011,6
1034,8011,7
1035,8012,4
1036,8012,5
1037,8012,6
1038,8012,7
1039,8013,4
1040,8013,5
1041,8013,6
1042,8013,7
1043,8014,4
1044,8014,5
1045,8014,6
1046,8014,7
1047,8015,8
1048,8017,434
1049,8017,9
1050,8017,5
1051,8017,10
1052,8017,11
1053,8017,12
1054,8018,13
1055,8018,9
1056,8018,5
1057,8018,10
1058,8018,11
1059,8018,12
1060,8019,13
1061,8019,9
1062,8019,5
1063,8019,10
1064,8019,11
1065,8019,12
1066,8020,13
1067,8020,9
1068,8020,5
1069,8020,10
1070,8020,11
1071,8020,12
1072,8021,13
1073,8021,9
1074,8021,5
1075,8021,10
1076,8021,11
1077,8021,12
1078,8022,13
1079,8022,9
1080,8022,5
1081,8022,10
1082,8022,11
1083,8022,12
1084,8023,13
1085,8023,9
1086,8023,5
1087,8023,10
1088,8023,11
1089,8023,12
1090,8024,13
1091,8024,9
1092,8024,5
1093,8024,10
1094,8024,11
1095,8024,12
1096,8025,13
1097,8026,14
1098,8027,14
1099,8028,14
1100,8029,14
1101,8030,15
1102,8031,15
1103,8032,15
1104,8033,16
1105,8034,17
1106,8035,18
1107,8036,18
1108,8037,18
1109,8037,19
1110,8037,20
1111,8037,21
1112,8038,22
1113,8038,19
1114,8038,20
1115,8038,21
1116,8039,22
1117,8040,23
1118,8041,23
1119,8041,24
1120,8042,25
1121,8042,23
1122,8043,24
1123,8043,25
1124,8044,23
1125,8044,24
1126,8044,25
1127,8045,23
1128,8045,26
1129,8045,27
1130,8046,28
1131,8046,26
1132,8046,27
1133,8047,28
1134,8047,26
1135,8047,27
1136,8048,28
1137,8048,26
1138,8048,27
1139,8049,28
1140,8049,26
1141,8049,27
1142,8050,28
1143,8050,26
1144,8050,27
1145,8051,28
1146,8051,26
1147,8051,27
1148,8052,28
1149,8052,26
1150,8052,27
1151,8053,28
1152,8053,26
1153,8053,27
1154,8054,28
1155,8055,26
1156,8056,27
1157,8057,28
1158,8058,23
1159,8059,23
1160,8059,23
1161,8060,29
1162,8060,23
1163,8061,29
1164,8062,23
1165,8063,30
1166,8064,31
1167,8064,30
1168,8064,31
1169,8065,29
1170,8065,23
1171,8065,29
1172,8066,23
1173,8066,32
1174,8066,33
1175,8067,34
1178,8068,33
1179,8068,34
1182,8069,33
1183,8070,34
1186,8071,33
1187,8071,34
1190,8072,35
1191,8072,27
1192,8073,36
1193,8073,37
1194,8073,38
1195,8074,23
1196,8074,36
1197,8074,37
1198,8075,38
1199,8075,23
1200,8075,36
1201,8075,37
1202,8075,38
1203,8076,23
1204,8076,36
1205,8076,37
1206,8076,38
1207,8076,23
1208,8077,36
1209,8077,37
1210,8077,38
1211,8077,23
1212,8077,36
1213,8078,37
1214,8078,38
1215,8078,23
1216,8078,36
1217,8078,37
1218,8079,38
1219,8079,23
1220,8079,23
1221,8079,27
1226,8080,23
1227,8080,27
1232,8083,23
1233,8084,27
1238,8086,23
1239,8087,27
1244,8089,23
1245,8090,27
1250,8093,23
1251,8094,27
1256,8096,23
1257,8096,23
1258,8096,29
1260,8097,23
1261,8097,29
1263,8097,23
1264,8098,29
1266,8098,23
1267,8098,29
1269,8099,23
1270,8099,29
1272,8100,23
1273,8100,29
1275,8100,23
1276,8101,29
1278,8102,23
1279,8102,29
1281,8103,23
1282,8103,29
1284,8104,23
1285,8104,29
1287,8105,29
1288,8105,23
1289,8106,29
1290,8106,23
1291,8106,23
1292,8107,39
1293,8107,40
1294,8107,41
1295,8108,42
1296,8108,23
1297,8108,39
1298,8109,40
1299,8110,41
1300,8111,42
1301,8112,23
1302,8113,39
1303,8113,40
1304,8113,41
1305,8114,42
1306,8114,23
1307,8114,39
1308,8115,40
1309,8115,41
1310,8115,42
1311,8116,23
1312,8116,39
1313,8116,40
1314,8117,41
1315,8118,42
1316,8118,23
1317,8118,39
1318,8118,40
1319,8118,41
1320,8118,42
1321,8119,23
1322,8119,23
1323,8119,44
1324,8119,45
1325,8119,46
1326,8119,23
1327,8120,44
1328,8120,45
1329,8120,46
1330,8120,23
1331,8120,44
1332,8120,45
1333,8121,46
1334,8121,23
1335,8121,44
1336,8121,45
1337,8121,46
1338,8121,23
1339,8122,44
1340,8122,45
1341,8122,46
1342,8122,23
1343,8122,44
1344,8122,45
1345,8123,46
1346,8123,23
1347,8123,44
1348,8123,45
1349,8123,46
1350,8123,23
1351,8124,47
1352,8124,47
1353,8124,23
1354,8124,23
1355,8124,48
1356,8124,49
1357,8125,50
1358,8126,48
1359,8127,49
1360,8127,50
1361,8127,48
1362,8128,49
1363,8128,50
1364,8128,48
1365,8129,49
1366,8129,50
1367,8129,51
1368,8130,52
1369,8130,46
1370,8130,53
1371,8131,36
1372,8131,54
1373,8131,55
1374,8133,52
1375,8134,46
1376,8135,53
1377,8136,36
1378,8137,54
1379,8137,55
1380,8138,52
1381,8139,46
1382,8140,53
1383,8143,36
1384,8144,54
1385,8145,55
1386,8146,52
1387,8147,46
1388,8148,53
1389,8149,36
1390,8149,54
1391,8150,55
1392,8151,52
1393,8152,46
1394,8153,53
1395,8154,36
1396,8155,54
1397,8156,55
1398,8157,52
1399,8158,46
1400,8159,53
1401,8160,36
1402,8161,54
1403,8162,55
1404,8163,52
1405,8164,46
1406,8165,53
1407,8166,36
1408,8167,54
1409,8168,55
1410,8169,56
1411,8170,23
1412,8171,57
1413,8172,58
1414,8173,48
1415,8174,57
1416,8175,58
1417,8176,48
1418,8177,57
1419,8178,58
1420,8179,48
1421,8180,57
1422,8181,58
1423,8182,48
1424,8183,57
1425,8184,58
1426,8185,48
1427,8186,434
1428,8187,23
1430,8189,23
1432,8191,23
1434,8193,23
1436,8195,59
1437,8196,27
1438,8197,60
1439,8198,23
1440,8199,60
1441,8200,23
1442,8201,23
1443,8202,434
1444,8202,434
1445,8203,61
1446,8203,23
1447,8204,23
1448,8204,23
1449,8205,23
1450,8206,23
1451,8207,15
1452,8208,38
1453,8209,62
1454,8210,63
1455,8211,23
1456,8212,63
1457,8213,23
1458,8214,23
1459,8215,64
1460,8216,23
1461,8217,64
1462,8218,23
1463,8219,64
1464,8220,23
1465,8220,61
1466,8220,23
1467,8220,65
1468,8221,66
1469,8221,23
1470,8221,66
1471,8221,23
1472,8222,23
1473,8222,23
1474,8222,67
1475,8222,23
1476,8223,67
1477,8223,23
1478,8223,68
1479,8223,69
1480,8224,23
1481,8224,69
1482,8224,23
1483,8224,23
1484,8225,23
1485,8225,23
1486,8225,23
1487,8225,27
1488,8226,47
1489,8226,47
1490,8226,23
1491,8226,70
1493,8228,71
1494,8229,47
1495,8230,71
1496,8231,47
1497,8232,71
1498,8232,47
1499,8233,23
1500,8234,72
1501,8235,72
1502,8236,23
1503,8237,23
1504,8238,23
1505,8239,23
1506,8240,23
1507,8241,23
1508,8242,73
1509,8243,47
1510,8244,73
1511,8245,47
1512,8246,73
1513,8247,47
1514,8248,74
1515,8249,23
1516,8250,74
1517,8251,23
1518,8252,23
1519,8253,23
1520,8253,23
1521,8254,23
1522,8254,23
1523,8255,38
1524,8256,75
1525,8257,28
1526,8258,76
1527,8259,77
1528,8260,35
1529,8261,23
1530,8262,23
1531,8263,23
1532,8264,23
1533,8265,23
1534,8266,47
1535,8267,47
1536,8268,23
1537,8270,23
1538,8271,78
1540,8273,78
1542,8275,79
1543,8275,79
1544,8276,79
1545,8276,23
1546,8277,80
1547,8278,14
1548,8279,81
1549,8280,82
1550,8281,80
1551,8282,14
1552,8283,81
1553,8284,82
1554,8285,80
1555,8286,14
1556,8287,81
1557,8288,82
1558,8289,80
1559,8290,14
1560,8291,81
1561,8292,82
1562,8293,80
1563,8294,14
1564,8295,81
1565,8296,82
1566,8297,80
1567,8298,14
1568,8299,81
1569,8300,82
1570,8301,80
1571,8302,14
1572,8303,81
1573,8304,82
1574,8305,23
1575,8306,23
1576,8307,23
1577,8308,23
1578,8309,83
1579,8310,84
1580,8311,85
1581,8312,23
1582,8313,23
1583,8314,23
1584,8315,23
1585,8316,23
1586,8317,23
1587,8318,23
1588,8319,23
1589,8320,23
1590,8321,23
1591,8322,23
1592,8324,23
1593,8325,23
1594,8326,23
1595,8327,47
1596,8328,47
1597,8329,23
1598,8330,23
1599,8331,21
1600,8332,86
1601,8333,87
1602,8334,86
1603,8335,87
1604,8336,88
1605,8337,23
1606,8338,23
1607,8339,23
1608,8340,47
1609,8341,47
1610,8342,23
1611,8343,23
1612,8344,23
1613,8345,23
1614,8346,23
1615,8347,23
1616,8348,23
1617,8349,23
1618,8350,434
1619,8351,89
1620,8352,89
1621,8353,90
1622,8354,47
1623,8355,90
1624,8356,47
1625,8357,90
1626,8358,47
1627,8359,35
1628,8360,91
1629,8361,35
1630,8362,91
1631,8363,23
1632,8364,23
1633,8365,23
1634,8366,47
1635,8367,47
1636,8368,23
1637,8369,23
1638,8370,23
1639,8371,92
1640,8372,47
1641,8373,92
1642,8374,47
1643,8375,92
1644,8376,47
1645,8377,93
1646,8378,23
1647,8378,23
1648,8379,23
1649,8379,23
1650,8380,23
1651,8380,23
1652,8381,23
1653,8382,23
1654,8383,47
1655,8384,47
1656,8385,23
1657,8386,23
1658,8387,94
1659,8388,95
1660,8389,23
1661,8390,23
1662,8391,23
1663,8392,23
1664,8393,96
1665,8394,97
1666,8395,97
1667,8396,23
1668,8397,23
1669,8398,23
1670,8399,23
1671,8400,23
1672,8401,23
1674,8403,23
1676,8405,23
1677,8406,23
1678,8407,23
1679,8408,23
1680,8409,23
1681,8410,98
1682,8411,434
1683,8412,99
1684,8413,23
1685,8414,23
1686,8415,23
1687,8416,23
1688,8417,23
1689,8418,23
1690,8419,23
1691,8420,23
1692,8421,23
1693,8422,23
1694,8423,23
1695,8424,23
1696,8425,23
1697,8426,23
1698,8426,23
1699,8427,23
1700,8427,23
1701,8428,23
1702,8429,93
1703,8430,23
1704,8431,23
1705,8432,23
1706,8433,23
1707,8434,23
1708,8435,23
1709,8436,23
1710,8437,23
1711,8438,47
1712,8439,47
1713,8440,23
1714,8441,23
1715,8442,23
1716,8443,23
1717,8444,23
1718,8445,23
1719,8446,23
1720,8447,23
1721,8448,100
1722,8449,23
1723,8450,100
1724,8451,23
1725,8452,100
1726,8453,23
1727,8454,23
1728,8455,101
1729,8456,101
1730,8457,101
1731,8458,102
1732,8459,101
1733,8460,101
1734,8461,101
1735,8462,23
1736,8463,23
1737,8464,23
1738,8465,103
1739,8466,104
1740,8467,105
1741,8468,104
1742,8469,105
1743,8470,104
1744,8471,105
1745,8472,23
1746,8473,23
1747,8474,23
1748,8475,23
1749,8476,23
1750,8477,106
1751,8478,107
1752,8479,23
1753,8480,23
1754,8481,23
1755,8482,23
1756,8483,23
1757,8484,23
1758,8485,23
1759,8486,108
1760,8487,108
1761,8488,23
1762,8489,23
1763,8490,23
1764,8491,23
1765,8492,23
1766,8493,23
1767,8494,23
1768,8495,23
1769,8496,109
1770,8497,23
1771,8498,101
1772,8499,23
1773,8500,23
1774,8501,23
1775,8502,23
1776,8503,23
1777,8504,23
1778,8505,23
1779,8506,23
1780,8507,23
1781,8508,23
1782,8509,23
1783,8510,23
1784,8511,23
1785,8512,23
1786,8513,23
1787,8514,23
1788,8515,23
1789,8516,23
1790,8517,27
1791,8518,110
1792,8519,27
1793,8520,110
1794,8521,111
1795,8522,111
1796,8523,23
1797,8524,23
1798,8525,23
1799,8526,23
1800,8527,23
1801,8528,23
1802,8529,23
1803,8530,112
1804,8532,112
1805,8533,112
1806,8534,112
1807,8535,23
1808,8536,23
1809,8537,93
1810,8538,23
1811,8539,23
1812,8540,23
1813,8541,23
1814,8542,23
1815,8543,23
1816,8544,23
1817,8545,112
1818,8546,112
1819,8547,112
1820,8548,112
1821,8549,23
1822,8550,108
1823,8551,108
1824,8552,23
1825,8553,23
1826,8554,23
1827,8555,23
1828,8556,23
1829,8557,23
1830,8558,108
1831,8559,108
1832,8560,113
1833,8561,113
1834,8562,113
1835,8563,113
1836,8564,113
1837,8565,113
1838,8566,114
1839,8567,114
1840,8568,114
1841,8569,114
1842,8570,114
1843,8571,114
1844,8572,114
1845,8573,114
1846,8574,23
1847,8575,23
1848,8576,23
1849,8577,23
1850,8578,113
1851,8579,113
1852,8580,113
1853,8581,23
1854,8582,23
1855,8583,23
1856,8584,23
1857,8585,23
1858,8586,23
1859,8587,23
1860,8588,23
1861,8589,108
1862,8590,108
1863,8591,23
1864,8592,23
1865,8593,23
1866,8594,23
1867,8595,108
1868,8596,108
1869,8597,23
1870,8598,23
1871,8599,23
1872,8600,23
1873,8601,23
1874,8602,23
1875,8603,23
1876,8604,23
1877,8605,115
1878,8606,23
1879,8607,112
1880,8608,112
1881,8609,112
1882,8610,112
1883,8611,23
1884,8612,23
1885,8613,23
1886,8614,23
1887,8615,23
1888,8616,23
1889,8617,23
1890,8618,434
1891,8619,23
1892,8620,23
1893,8621,23
1894,8622,23
1895,8623,23
1896,8624,23
1897,8625,23
1898,8626,23
1899,8627,23
1900,8628,112
1901,8629,112
1902,8630,112
1903,8631,112
1904,8632,113
1905,8633,113
1906,8634,113
1907,8635,23
1908,8636,23
1909,8637,98
1910,8638,116
1911,8639,116
1912,8640,116
1913,8641,116
1914,8642,116
1915,8643,116
1916,8644,116
1917,8645,116
1918,8646,116
1919,8647,23
1920,8648,108
1921,8649,108
1922,8650,23
1923,8651,23
1924,8652,23
1925,8653,23
1926,8654,117
1927,8655,23
1928,8656,23
1929,8657,23
1930,8658,23
1931,8659,23
1932,8660,23
1933,8661,23
1934,8662,23
1935,8663,23
1936,8664,23
1937,8665,23
1938,8666,23
1939,8667,23
1940,8668,23
1941,8669,23
1942,8670,23
1943,8671,23
1944,8672,23
1945,8673,23
1946,8674,23
1947,8675,23
1948,8676,23
1949,8677,23
1950,8678,23
1951,8679,23
1952,8680,23
1953,8681,23
1954,8682,23
1955,8683,23
1956,8684,23
1957,8685,23
1958,8686,23
1959,8687,23
1960,8688,23
1961,8689,23
1962,8690,23
1963,8691,23
1964,8692,23
1965,8693,23
1966,8694,23
1967,8695,23
1968,8696,23
1969,8697,23
1970,8698,23
1971,8699,23
1972,8700,23
1973,8701,23
1974,8702,23
1975,8703,23
1976,8704,23
1977,8705,23
1978,8706,23
1979,8707,23
1980,8708,23
1981,8709,23
1982,8710,23
1983,8711,23
1984,8712,23
1985,8713,23
1986,8714,113
1987,8715,113
1988,8716,113
1989,8717,23
1990,8718,23
1991,8719,23
1992,8720,23
1993,8721,23
1994,8722,113
1995,8723,113
1996,8724,113
1997,8725,23
1998,8726,23
1999,8727,23
2000,8728,23
2001,8729,23
2002,8730,23
2003,8731,23
2004,8732,23
2005,8733,23
2006,8734,23
2007,8735,23
2008,8736,23
2009,8737,23
2010,8738,23
2011,8739,23
2012,8740,23
2013,8741,23
2014,8742,23
2015,8743,23
2016,8744,23
2017,8745,23
2018,8746,23
2019,8747,23
2020,8748,23
2021,8749,23
2022,8750,23
2023,8751,23
2024,8752,23
2025,8753,23
2026,8754,23
2027,8755,23
2028,8756,23
2029,8757,23
2030,8758,23
2031,8759,23
2032,8760,23
2033,8761,23
2034,8762,23
2035,8763,23
2036,8764,23
2037,8765,23
2038,8766,23
2039,8767,23
2040,8768,23
2041,8769,23
2042,8770,23
2043,8771,23
2044,8772,23
2045,8773,23
2046,8774,23
2047,8775,23
2048,8776,23
2049,8777,23
2050,8778,23
2051,8779,23
2052,8780,23
2053,8781,23
2054,8782,23
2055,8783,23
2056,8784,23
2057,8785,23
2058,8786,23
2059,8787,23
2060,8788,23
2061,8789,23
2062,8790,23
2063,8791,23
2064,8792,23
2065,8793,23
2066,8794,23
2067,8795,23
2068,8796,23
2069,8797,23
2070,8798,23
2071,8799,23
2072,8800,23
2073,8801,23
2074,8802,23
2075,8803,23
2076,8804,23
2077,8805,23
2078,8806,23
2079,8807,23
2080,8808,23
2081,8809,23
2082,8810,23
2083,8811,23
2084,8812,23
2085,8813,23
2086,8814,23
2087,8815,23
2088,8816,23
2089,8817,23
2090,8818,23
2091,8819,23
2092,8820,23
2093,8821,23
2094,8822,23
2095,8823,23
2096,8824,23
2097,8825,23
2098,8826,23
2099,8827,23
2100,8828,23
2101,8829,23
2102,8830,23
2103,8831,23
2104,8832,23
2105,8833,23
2106,8834,23
2107,8835,23
2108,8836,23
2109,8836,23
2110,8837,23
2111,8838,23
2112,8839,23
2113,8840,23
2114,8841,23
2115,8842,23
2116,8843,23
2117,8844,23
2118,8845,23
2119,8846,23
2120,8847,23
2121,8848,23
2122,8849,23
2123,8850,23
2124,8851,23
2125,8852,23
2126,8853,23
2127,8854,23
2128,8855,23
2129,8856,23
2130,8857,23
2131,8858,23
2132,8859,23
2133,8860,23
2134,8861,23
2135,8862,23
2136,8863,23
2137,8864,23
2138,8864,23
2139,8865,23
2140,8865,23
2141,8866,23
2142,8867,23
2143,8868,23
2144,8868,23
2145,8869,23
2146,8870,23
2147,8871,23
2148,8872,23
2149,8873,23
2150,8874,23
2151,8874,23
2152,8874,23
2153,8874,23
2154,8875,23
2155,8875,23
2156,8875,23
2157,8875,23
2158,8876,23
2159,8876,23
2160,8876,23
2161,8876,108
2162,8877,108
2163,8878,112
2164,8879,112
2165,8880,112
2166,8881,112
2167,8881,23
2168,8882,23
2169,8882,23
2170,8883,118
2171,8883,118
2172,8884,118
2173,8884,118
2174,8885,118
2175,8885,118
2176,8886,117
2177,8886,23
2178,8887,23
2179,8887,23
2180,8887,23
2181,8888,23
2182,8888,23
2185,8889,23
2186,8889,23
2187,8890,23
2188,8890,23
2189,8890,23
2190,8891,23
2191,8891,23
2192,8891,23
2193,8892,23
2194,8892,120
2195,8892,121
2196,8893,115
2197,8894,122
2198,8895,122
2199,8896,122
2200,8897,122
2201,8898,122
2202,8899,23
2203,8900,23
2204,8901,113
2205,8902,113
2206,8903,113
2207,8904,23
2208,8905,14
2209,8906,23
2210,8907,23
2211,8908,23
2212,8909,23
2213,8910,113
2214,8911,113
2215,8912,113
2216,8913,108
2217,8914,108
2218,8915,23
2219,8916,23
2220,8917,23
2221,8918,23
2222,8919,23
2223,8920,123
2224,8920,98
2225,8921,35
2226,8921,98
2227,8922,35
2228,8922,23
2229,8923,23
2230,8923,27
2231,8924,124
2232,8924,125
2233,8924,126
2234,8925,23
2235,8926,127
2236,8927,128
2237,8928,21
2238,8929,46
2239,8930,84
2240,8931,35
2241,8932,21
2242,8933,46
2243,8934,84
2244,8935,35
2245,8936,21
2246,8937,46
2247,8938,84
2248,8939,35
2249,8940,129
2250,8941,23
2251,8942,23
2252,8943,23
2253,8944,130
2254,8945,35
2255,8946,23
2256,8947,130
2257,8948,35
2258,8949,23
2259,8950,130
2260,8951,35
2261,8952,23
2262,8953,130
2263,8954,35
2264,8955,23
2265,8956,130
2266,8957,35
2267,8958,23
2268,8959,130
2269,8960,35
2270,8961,23
2271,8962,131
2272,8963,132
2273,8964,20
2274,8965,131
2275,8966,132
2276,8967,20
2277,8968,131
2278,8969,132
2279,8970,20
2280,8971,131
2281,8972,132
2282,8973,20
2283,8974,131
2284,8975,132
2285,8976,20
2286,8977,131
2287,8978,132
2288,8979,20
2289,8979,108
2290,8980,108
2291,8981,23
2292,8982,79
2293,8983,79
2294,8984,79
2295,8985,23
2296,8986,23
2297,8987,23
2298,8988,23
2299,8989,23
2300,8990,23
2301,8991,35
2302,8992,23
2303,8993,23
2304,8994,23
2305,8995,72
2306,8996,72
2307,8997,23
2308,8998,23
2309,8999,23
2310,9000,23
2311,9001,133
2312,9002,73
2313,9003,23
2314,9004,73
2315,9005,23
2316,9006,134
2317,9007,23
2318,9008,134
2319,9009,23
2320,9010,135
2321,9011,136
2322,9012,23
2323,9013,135
2324,9014,136
2325,9015,23
2326,9016,135
2327,9017,136
2328,9018,23
2329,9019,28
2330,9020,76
2331,9021,28
2332,9022,137
2333,9023,68
2334,9024,47
2335,9025,47
2336,9026,23
2337,9027,23
2338,9028,23
2339,9029,23
2340,9030,47
2341,9031,47
2342,9032,138
2343,9033,138
2344,9034,139
2345,9035,23
2346,9036,23
2347,9037,23
2348,9038,23
2349,9039,47
2350,9040,47
2351,9041,140
2352,9042,23
2353,9043,140
2354,9044,23
2355,9045,140
2356,9046,23
2357,9047,23
2358,9048,47
2359,9049,47
2360,9050,23
2361,9051,23
2362,9052,23
2363,9053,47
2364,9054,47
2365,9055,23
2366,9056,23
2367,9057,23
2368,9058,23
2369,9059,23
2370,9060,141
2371,9061,142
2372,9062,23
2373,9063,47
2374,9064,47
2375,9065,23
2376,9066,23
2377,9067,143
2378,9068,90
2379,9069,23
2380,9070,90
2381,9071,23
2382,9072,23
2383,9073,23
2384,9074,23
2385,9075,23
2386,9076,23
2387,9077,23
2388,9078,23
2389,9079,23
2390,9080,23
2391,9081,23
2392,9082,23
2393,9083,144
2394,9084,145
2395,9085,23
2396,9086,23
2397,9087,23
2398,9088,23
2399,9089,23
2400,9090,23
2401,9091,146
2402,9092,146
2403,9093,7
2404,9094,23
2405,9095,23
2406,9096,147
2407,9097,147
2408,9098,95
2409,9099,23
2410,9100,23
2411,9101,47
2412,9102,47
2413,9103,23
2414,9104,23
2415,9105,23
2416,9106,23
2417,9107,23
2418,9108,23
2419,9109,47
2420,9110,47
2421,9111,23
2422,9112,23
2423,9113,23
2424,9114,47
2425,9115,47
2426,9116,23
2427,9117,23
2428,9118,23
2429,9119,23
2430,9120,23
2431,9121,23
2432,9122,23
2433,9123,23
2434,9124,23
2435,9125,23
2436,9126,23
2437,9127,23
2438,9128,23
2439,9129,101
2440,9130,23
2441,9131,23
2442,9132,23
2443,9133,23
2444,9134,23
2445,9135,122
2446,9136,122
2447,9137,122
2448,9138,122
2449,9139,122
2450,9140,23
2451,9141,23
2452,9142,23
2453,9143,23
2454,9144,23
2455,9145,23
2456,9146,23
2457,9147,23
2458,9148,23
2459,9149,23
2460,9150,23
2461,9151,23
2462,9152,23
2463,9153,23
2464,9154,23
2465,9155,23
2466,9156,23
2467,9157,23
2468,9158,23
2469,9159,23
2470,9160,23
2471,9161,23
2472,9162,23
2473,9163,23
2474,9164,23
2475,9165,23
2476,9166,23
2477,9167,148
2478,9168,148
2479,9169,23
2480,9170,23
2481,9171,23
2482,9172,23
2483,9173,23
2484,9174,108
2485,9175,108
2486,9176,23
2487,9177,23
2488,9178,149
2489,9179,23
2490,9180,23
2491,9181,23
2492,9182,108
2493,9183,108
2494,9184,23
2495,9185,23
2496,9186,108
2497,9187,108
2498,9188,23
2499,9189,23
2500,9190,23
2501,9191,23
2502,9192,23
2503,9193,23
2504,9194,23
2505,9195,23
2506,9196,23
2507,9197,23
2508,9198,23
2509,9199,23
2510,9200,23
2511,9201,23
2512,9202,23
2513,9203,23
2514,9204,108
2515,9205,108
2516,9206,23
2517,9207,23
2518,9208,23
2519,9209,23
2520,9210,23
2521,9211,23
2522,9212,23
2523,9213,23
2524,9214,112
2525,9215,112
2526,9216,112
2527,9217,112
2528,9218,23
2529,9219,23
2530,9220,23
2531,9221,23
2532,9222,23
2533,9223,23
2534,9224,23
2535,9225,23
2536,9226,23
2537,9227,108
2538,9228,108
2539,9229,23
2540,9230,23
2541,9231,23
2542,9232,23
2543,9233,23
2544,9234,23
2545,9235,23
2546,9236,23
2547,9236,23
2548,9237,23
2549,9238,23
2550,9238,108
2551,9239,108
2552,9240,23
2553,9241,23
2554,9242,23
2555,9243,23
2556,9244,23
2557,9245,23
2558,9246,23
2559,9247,23
2560,9248,23
2561,9249,23
2562,9250,23
2563,9251,23
2564,9252,23
2565,9253,23
2566,9254,23
2567,9255,23
2568,9256,23
2569,9257,23
2570,9258,23
2571,9259,23
2572,9260,23
2573,9261,23
2574,9262,23
2575,9263,23
2576,9264,23
2577,9265,23
2578,9266,23
2579,9267,23
2580,9268,23
2581,9269,23
2582,9270,23
2583,9271,23
2584,9272,23
2585,9273,23
2586,9274,23
2587,9275,23
2588,9276,23
2589,9277,150
2590,9278,150
2591,9279,150
2592,9280,150
2593,9281,150
2594,9282,23
2595,9283,23
2596,9284,23
2597,9285,23
2598,9286,23
2599,9287,23
2600,9288,23
2601,9289,23
2602,9290,23
2603,9291,23
2604,9292,23
2605,9293,23
2606,9294,23
2607,9295,23
2608,9296,23
2609,9297,23
2610,9297,23
2611,9298,113
2612,9299,113
2613,9300,113
2614,9301,23
2615,9302,23
2616,9303,23
2617,9304,23
2618,9305,23
2619,9306,23
2620,9307,23
2621,9308,23
2622,9309,23
2623,9310,23
2624,9311,23
2625,9312,23
2626,9313,113
2627,9314,113
2628,9315,113
2629,9316,23
2630,9317,23
2631,9318,23
2632,9319,23
2633,9320,23
2634,9321,23
2635,9322,23
2636,9323,23
2637,9324,23
2638,9325,23
2639,9326,23
2640,9327,93
2641,9328,93
2642,9329,28
2643,9330,23
2644,9331,151
2645,9332,107
2646,9333,152
2647,9334,153
2648,9334,154
2649,9335,155
2650,9335,156
2651,9336,154
2652,9337,23
2653,9338,23
2654,9339,23
2655,9340,23
2656,9341,23
2657,9341,23
2658,9341,23
2659,9342,23
2660,9342,23
2661,9343,23
2662,9343,23
2663,9343,23
2664,9344,23
2665,9345,23
2666,9346,23
2667,9347,23
2668,9348,23
2669,9349,23
2670,9349,23
2671,9350,23
2672,9351,23
2673,9352,23
2674,9353,23
2675,9354,23
2676,9355,23
2677,9356,23
2678,9357,23
2679,9358,23
2680,9359,23
2681,9360,23
2682,9360,157
2683,9362,108
2684,9363,108
2685,9364,23
2686,9365,23
2687,9366,23
2688,9367,158
2689,9368,158
2690,9369,158
2691,9370,158
2692,9371,158
2693,9372,158
2694,9373,158
2695,9374,23
2696,9375,159
2698,9377,159
2700,9378,10
2701,9378,23
2702,9379,23
2703,9380,23
2704,9381,23
2705,9382,160
2706,9383,160
2707,9384,160
2708,9385,160
2709,9386,160
2710,9387,156
2711,9388,161
2712,9389,162
2713,9390,162
2714,9391,162
2715,9392,163
2716,9393,163
2717,9394,23
2718,9395,23
2719,9396,23
2720,9396,23
2721,9397,108
2722,9398,108
2723,9399,113
2724,9400,113
2725,9401,113
2726,9402,113
2727,9403,113
2728,9404,113
2729,9405,23
2730,9405,23
2731,9406,23
2732,9407,164
2735,9410,23
2736,9411,113
2737,9412,113
2738,9413,113
2739,9414,108
2740,9415,108
2741,9416,23
2742,9417,23
2743,9418,23
2744,9419,23
2745,9420,23
2746,9421,23
2749,9423,166
2750,9423,167
2751,9424,168
2752,9425,167
2753,9426,168
2754,9427,169
2755,9428,169
2756,9429,23
2757,9430,23
2758,9431,23
2759,9432,170
2760,9433,171
2761,9434,172
2762,9435,93
2763,9436,173
2764,9437,174
2765,9438,175
2766,9439,93
2767,9440,176
2768,9441,23
2769,9442,23
2770,9443,23
2771,9444,177
2772,9445,178
2773,9446,179
2774,9447,180
2775,9447,23
2776,9448,23
2777,9448,23
2778,9449,108
2779,9450,108
2780,9451,112
2781,9452,112
2782,9453,112
2783,9454,112
2784,9455,181
2785,9456,30
2786,9457,434
2787,9458,182
2788,9459,108
2789,9460,108
2790,9461,23
2791,9462,113
2792,9463,113
2793,9464,113
2794,9465,23
2795,9466,23
2796,9467,23
2797,9468,23
2798,9469,23
2799,9470,23
2800,9471,23
2801,9472,23
2803,9474,184
2805,9476,184
2806,9477,185
2807,9478,93
2808,9478,23
2809,9479,23
2810,9479,23
2811,9480,112
2812,9480,112
2813,9481,112
2814,9482,112
2815,9483,23
2816,9484,23
2817,9485,23
2818,9486,23
2819,9487,23
2820,9488,23
2821,9489,23
2822,9490,23
2823,9491,156
2824,9491,161
2825,9491,23
2826,9492,23
2827,9492,23
2829,9493,23
2830,9494,23
2831,9495,23
2832,9496,23
2833,9497,156
2834,9498,187
2835,9499,23
2836,9500,23
2837,9501,23
2838,9502,23
2839,9503,23
2840,9504,23
2841,9505,23
2842,9506,23
2843,9507,23
2844,9508,23
2845,9509,23
2846,9510,23
2847,9511,23
2848,9512,23
2849,9513,23
2850,9514,188
2851,9515,189
2852,9516,190
2853,9517,121
2854,9518,97
2855,9519,151
2856,9520,23
2857,9521,23
2858,9522,23
2859,9523,23
2860,9524,23
2861,9525,23
2862,9526,23
2863,9527,23
2864,9528,108
2865,9529,108
2866,9530,23
2867,9531,23
2868,9532,23
2869,9533,23
2873,9537,176
2874,9538,23
2875,9539,23
2876,9540,23
2877,9541,23
2878,9541,192
2879,9542,193
2880,9543,192
2881,9544,193
2882,9545,23
2883,9546,23
2884,9547,23
2885,9548,23
2886,9549,23
2887,9550,23
2888,9550,23
2889,9551,23
2890,9552,23
2891,9553,23
2892,9554,23
2893,9555,23
2894,9556,108
2895,9557,108
2896,9558,23
2897,9559,23
2898,9560,23
2899,9561,23
2900,9562,23
2901,9563,113
2902,9564,113
2903,9565,113
2904,9566,23
2905,9567,23
2906,9567,23
2907,9568,23
2908,9568,108
2909,9569,108
2910,9570,194
2911,9571,195
2912,9572,196
2913,9573,195
2914,9574,196
2915,9575,28
2916,9576,27
2917,9577,197
2918,9578,23
2919,9579,23
2920,9580,23
2921,9581,23
2922,9582,23
2923,9583,23
2924,9584,108
2925,9585,108
2926,9586,23
2927,9587,28
2928,9587,198
2929,9589,199
2930,9590,28
2931,9591,198
2932,9592,199
2933,9593,200
2934,9594,23
2935,9595,23
2936,9596,23
2937,9597,23
2938,9598,23
2939,9599,112
2940,9600,112
2941,9601,112
2942,9602,112
2943,9603,113
2944,9604,113
2945,9605,113
2946,9606,23
2947,9607,108
2948,9608,108
2949,9609,201
2950,9610,23
2951,9611,23
2952,9612,23
2953,9613,23
2954,9614,23
2955,9615,23
2956,9616,23
2957,9617,23
2958,9618,23
2959,9619,108
2960,9620,108
2961,9621,202
2962,9622,202
2963,9623,23
2964,9624,23
2965,9625,23
2966,9626,23
2967,9627,23
2968,9628,23
2969,9629,23
2970,9630,23
2971,9631,23
2972,9632,23
2973,9633,23
2974,9634,23
2975,9635,23
2976,9636,23
2977,9637,108
2978,9638,108
2979,9639,48
2980,9640,48
2981,9641,156
2982,9641,203
2984,9642,204
2985,9643,23
2986,9644,23
2987,9645,23
2988,9646,23
2989,9647,23
2990,9648,205
2991,9649,93
2992,9650,206
2993,9651,207
2994,9652,23
2995,9653,23
2996,9654,23
2997,9655,23
2998,9656,23
2999,9657,23
3000,9658,23
3001,9658,23
3002,9658,23
3003,9659,23
3004,9659,23
3005,9659,23
3006,9660,23
3007,9661,23
3008,9662,208
3009,9663,209
3010,9664,210
3011,9665,27
3012,9666,210
3013,9667,27
3014,9668,23
3015,9669,23
3016,9670,23
3017,9671,108
3018,9672,108
3019,9672,93
3020,9672,23
3021,9673,23
3022,9673,23
3023,9673,23
3024,9674,23
3025,9675,23
3026,9676,211
3027,9677,211
3028,9678,211
3029,9678,211
3030,9679,211
3031,9679,211
3032,9680,212
3033,9681,213
3034,9682,434
3035,9683,23
3036,9683,23
3037,9684,23
3038,9684,211
3039,9685,211
3040,9686,211
3041,9687,211
3042,9688,211
3043,9689,211
3044,9690,151
3045,9691,23
3046,9692,23
3047,9693,23
3048,9694,23
3049,9695,23
3050,9696,23
3051,9697,23
3052,9698,23
3053,9699,23
3054,9700,23
3055,9701,214
3056,9702,23
3057,9703,23
3058,9704,23
3059,9705,23
3060,9706,23
3061,9707,23
3062,9708,23
3063,9709,23
3064,9710,23
3065,9711,23
3066,9712,113
3067,9713,113
3068,9714,113
3069,9715,23
3070,9716,23
3071,9717,108
3072,9718,108
3073,9719,23
3074,9720,23
3075,9721,23
3076,9722,23
3077,9723,113
3078,9724,113
3079,9725,113
3080,9726,23
3081,9727,23
3082,9728,215
3083,9729,23
3084,9730,23
3085,9731,23
3086,9732,216
3087,9733,217
3088,9734,218
3089,9735,217
3090,9736,218
3091,9737,23
3092,9738,23
3093,9739,23
3094,9740,23
3095,9741,23
3096,9742,108
3097,9743,108
3098,9744,108
3099,9745,108
3100,9746,23
3101,9747,219
3102,9748,35
3103,9749,220
3104,9750,219
3105,9751,35
3106,9752,220
3107,9753,23
3108,9754,23
3109,9755,23
3110,9756,23
3111,9757,23
3112,9758,23
3113,9759,23
3114,9760,221
3115,9761,221
3116,9762,221
3117,9763,221
3118,9764,221
3119,9765,222
3120,9766,223
3121,9767,224
3122,9768,222
3123,9769,223
3124,9770,224
3125,9771,225
3126,9772,226
3127,9773,227
3128,9774,23
3129,9775,228
3130,9776,48
3131,9777,27
3132,9778,48
3133,9779,27
3134,9780,48
3135,9781,229
3136,9782,230
3137,9783,27
3138,9784,23
3139,9785,23
3140,9786,23
3141,9787,112
3142,9788,112
3143,9789,112
3144,9790,112
3145,9791,23
3146,9792,23
3147,9793,108
3148,9794,108
3149,9795,23
3150,9796,23
3151,9797,23
3152,9798,108
3153,9799,108
3154,9800,231
3155,9801,232
3156,9802,233
3157,9803,23
3158,9804,113
3159,9805,113
3160,9806,113
3161,9807,23
3162,9808,23
3163,9809,23
3164,9810,23
3165,9811,23
3166,9812,23
3167,9813,23
3168,9814,23
3169,9815,23
3170,9816,23
3171,9817,23
3172,9818,234
3173,9819,235
3174,9819,235
3175,9819,23
3176,9819,23
3177,9820,23
3178,9821,122
3179,9822,122
3180,9823,122
3181,9824,122
3182,9825,122
3183,9826,23
3184,9827,108
3185,9828,108
3186,9829,23
3187,9830,23
3188,9831,23
3189,9832,23
3190,9833,23
3191,9834,23
3192,9835,23
3193,9836,23
3194,9837,23
3195,9838,23
3196,9839,23
3197,9840,23
3198,9841,23
3199,9842,23
3200,9843,23
3201,9844,23
3202,9845,23
3203,9846,23
3204,9847,23
3205,9848,23
3206,9849,23
3207,9850,23
3208,9851,23
3209,9852,23
3210,9853,23
3211,9854,23
3212,9855,23
3213,9856,23
3214,9857,23
3215,9858,23
3216,9859,23
3217,9860,23
3218,9861,23
3219,9862,23
3220,9863,23
3221,9864,236
3222,9865,237
3223,9866,113
3224,9867,113
3225,9868,113
3226,9869,23
3227,9870,23
3228,9871,23
3229,9872,23
3230,9873,23
3231,9874,23
3232,9875,23
3233,9876,23
3234,9877,23
3235,9878,23
3236,9879,23
3237,9880,23
3238,9881,23
3239,9882,23
3240,9883,23
3241,9884,23
3242,9885,23
3243,9886,23
3244,9887,112
3245,9888,112
3246,9888,112
3247,9889,112
3248,9889,23
3249,9890,23
3250,9891,23
3251,9892,238
3252,9893,27
3253,9894,23
3254,9895,23
3255,9896,23
3256,9897,23
3257,9898,23
3258,9899,23
3259,9900,23
3260,9901,23
3261,9902,23
3262,9903,23
3263,9904,23
3264,9905,239
3265,9906,35
3266,9907,7
3267,9908,240
3268,9909,241
3269,9910,242
3270,9911,23
3271,9912,23
3272,9913,108
3273,9914,108
3274,9915,113
3275,9916,113
3276,9917,113
3277,9918,23
3278,9919,158
3279,9920,158
3280,9921,158
3281,9922,158
3282,9923,158
3283,9924,158
3284,9925,158
3285,9926,23
3286,9927,23
3287,9928,23
3288,9929,23
3289,9930,23
3290,9931,108
3291,9932,108
3292,9933,122
3293,9934,122
3294,9935,122
3295,9936,122
3296,9937,122
3297,9938,23
3298,9939,23
3299,9940,23
3300,9941,23
3301,9942,23
3302,9943,23
3303,9944,23
3304,9945,243
3305,9946,244
3306,9947,244
3307,9948,244
3308,9949,245
3309,9950,23
3310,9951,23
3311,9952,23
3312,9953,23
3313,9954,23
3314,9955,23
3315,9956,108
3316,9957,108
3317,9958,23
3318,9959,23
3319,9960,23
3320,9961,23
3321,9962,108
3322,9963,108
3323,9964,113
3324,9965,113
3325,9966,113
3326,9967,113
3327,9967,113
3328,9968,113
3329,9969,23
3330,9970,23
3331,9971,23
3332,9972,23
3333,9973,48
3334,9974,7
3335,9975,246
3336,9976,170
3337,9977,247
3338,9978,170
3339,9979,247
3340,9980,23
3341,9981,23
3342,9982,23
3343,9983,23
3344,9984,23
3345,9985,23
3346,9986,112
3347,9987,112
3348,9988,112
3349,9989,112
3350,9990,108
3351,9991,108
3352,9992,23
3353,9993,23
3354,9994,23
3355,9995,23
3356,9996,23
3357,9997,23
3358,9998,23
3359,9999,113
3360,10000,113
3361,10001,113
3362,10002,113
3363,10003,113
3364,10004,113
3365,10005,23
3366,10006,23
3367,10007,113
3368,10008,113
3369,10009,113
3370,10010,112
3371,10011,112
3372,10012,112
3373,10013,112
3374,10014,108
3375,10015,108
3376,10016,23
3377,10017,23
3378,10018,23
3379,10018,23
3380,10018,108
3381,10019,108
3382,10019,113
3383,10019,113
3384,10020,113
3385,10020,113
3386,10020,113
3387,10021,113
3388,10021,23
3389,10021,23
3390,10022,23
3391,10023,23
3392,10024,108
3393,10025,108
3394,10026,14
3395,10027,14
3396,10028,14
3397,10029,14
3398,10030,170
3399,10031,170
3400,10032,248
3401,10033,248
3402,10034,14
3403,10035,14
3404,10036,23
3405,10037,23
3406,10038,112
3407,10039,112
3408,10040,112
3409,10041,112
3410,10042,23
3411,10043,23
3412,10044,23
3413,10045,23
3414,10046,108
3415,10047,108
3416,10048,249
3417,10049,173
3418,10050,7
3419,10051,250
3420,10052,23
3421,10053,23
3422,10054,23
3423,10055,23
3424,10056,108
3425,10057,108
3426,10058,23
3427,10059,23
3428,10060,23
3429,10061,23
3430,10062,112
3431,10063,112
3432,10064,112
3433,10065,112
3434,10066,23
3435,10067,23
3436,10068,23
3437,10069,23
3438,10070,113
3439,10071,113
3440,10072,113
3441,10073,112
3442,10074,112
3443,10075,112
3444,10075,112
3445,10075,23
3446,10076,23
3447,10076,23
3448,10076,251
3449,10077,251
3450,10077,23
3451,10077,23
3452,10078,122
3453,10079,122
3454,10079,122
3455,10079,122
3456,10079,122
3457,10079,23
3458,10080,23
3459,10080,23
3460,10080,23
3461,10080,23
3462,10080,23
3463,10081,108
3464,10081,108
3465,10081,108
3466,10081,108
3467,10081,23
3468,10082,23
3469,10082,252
3470,10082,253
3471,10082,254
3472,10082,252
3473,10083,253
3474,10084,254
3475,10085,252
3476,10086,253
3477,10087,254
3478,10088,252
3479,10089,253
3480,10090,254
3481,10091,113
3482,10092,113
3483,10093,113
3484,10094,23
3485,10095,23
3486,10096,255
3487,10097,255
3488,10098,255
3489,10099,255
3490,10100,255
3491,10101,255
3492,10102,255
3493,10103,255
3494,10104,255
3495,10105,255
3496,10106,255
3497,10107,255
3498,10108,255
3499,10109,255
3500,10110,255
3501,10111,255
3502,10112,255
3503,10113,255
3504,10114,112
3505,10116,112
3506,10117,112
3507,10118,112
3508,10119,112
3509,10120,112
3510,10121,112
3511,10122,112
3512,10123,108
3513,10124,108
3514,10125,256
3515,10126,23
3516,10127,23
3517,10128,116
3518,10129,116
3519,10130,116
3520,10131,116
3521,10132,116
3522,10133,116
3523,10134,116
3524,10135,116
3525,10136,116
3526,10137,122
3527,10138,122
3528,10139,122
3529,10140,122
3530,10141,122
3531,10142,23
3532,10143,108
3533,10143,108
3534,10144,173
3535,10145,75
3536,10146,257
3537,10147,173
3538,10148,75
3539,10149,257
3540,10150,173
3541,10151,75
3542,10152,257
3543,10153,27
3544,10154,258
3545,10155,259
3546,10156,35
3547,10157,260
3548,10158,246
3549,10159,258
3550,10160,259
3551,10161,35
3552,10162,260
3553,10163,246
3554,10164,258
3555,10165,259
3556,10166,35
3557,10167,260
3558,10168,246
3559,10169,258
3560,10170,259
3561,10171,35
3562,10172,260
3563,10173,246
3564,10174,261
3565,10175,261
3566,10176,23
3567,10177,23
3568,10178,23
3569,10179,23
3570,10180,23
3571,10181,23
3572,10182,108
3573,10183,108
3574,10184,113
3575,10185,113
3576,10186,113
3577,10187,23
3578,10188,262
3579,10189,262
3580,10190,262
3581,10191,262
3582,10192,262
3583,10193,262
3584,10194,262
3585,10195,262
3586,10196,262
3587,10197,262
3588,10198,262
3589,10199,113
3590,10200,113
3591,10201,113
3592,10202,23
3593,10203,263
3594,10204,264
3595,10205,251
3596,10206,434
3597,10207,114
3598,10208,114
3599,10209,114
3600,10210,114
3601,10211,114
3602,10212,114
3603,10213,114
3604,10214,114
3605,10215,108
3606,10216,108
3607,10217,108
3608,10218,108
3609,10219,23
3610,10220,23
3611,10221,23
3612,10222,23
3613,10223,23
3614,10224,23
3615,10225,108
3616,10226,108
3617,10227,108
3618,10228,23
3619,10229,23
3620,10230,113
3621,10231,113
3622,10232,113
3623,10233,265
3624,10234,266
3625,10235,267
3626,10236,27
3627,10237,268
3628,10238,122
3629,10239,122
3630,10240,122
3631,10241,122
3632,10242,122
3633,10243,23
3634,10244,113
3635,10245,113
3636,10246,113
3637,10247,114
3638,10248,114
3639,10248,114
3640,10249,114
3641,10249,114
3642,10250,114
3643,10250,114
3644,10251,114
3645,10252,108
3646,10253,108
3647,10254,122
3648,10255,122
3649,10256,122
3650,10257,122
3651,10258,122
3652,10259,113
3653,10260,113
3654,10261,113
3655,10262,23
3656,10263,23
3657,10264,23
3658,10265,23
3659,10266,23
3660,10267,23
3661,10268,269
3662,10269,269
3663,10270,269
3664,10271,269
3665,10272,269
3666,10273,269
3667,10274,269
3668,10275,269
3669,10276,269
3670,10277,269
3671,10278,113
3672,10279,113
3673,10280,113
3674,10281,122
3675,10282,122
3676,10283,122
3677,10284,122
3678,10284,122
3679,10286,23
3680,10287,23
3681,10288,108
3682,10289,108
3683,10290,108
3684,10291,108
3685,10292,23
3686,10293,23
3687,10294,23
3688,10295,23
3690,10297,23
3691,10298,23
3692,10299,23
3693,10300,23
3694,10301,108
3695,10302,108
3696,10302,23
3697,10303,23
3698,10303,23
3699,10304,23
3700,10304,271
3701,10305,271
3702,10306,271
3703,10307,271
3704,10308,271
3705,10309,23
3706,10310,108
3707,10311,108
3708,10312,272
3709,10313,273
3710,10314,272
3711,10315,273
3712,10316,272
3713,10317,273
3714,10318,23
3715,10318,108
3716,10319,108
3717,10320,23
3718,10321,23
3719,10322,23
3720,10323,23
3721,10324,23
3722,10325,23
3723,10326,23
3724,10327,23
3725,10328,23
3726,10329,23
3727,10330,274
3728,10331,275
3729,10332,434
3730,10333,23
3731,10334,23
3732,10335,23
3733,10336,108
3734,10337,108
3735,10338,276
3736,10339,276
3737,10340,27
3738,10341,277
3739,10342,278
3740,10343,279
3741,10344,278
3742,10345,279
3743,10346,278
3744,10347,279
3745,10348,108
3746,10349,108
3747,10350,201
3748,10351,224
3749,10352,224
3750,10353,201
3751,10354,23
3752,10355,23
3753,10356,23
3754,10357,23
3755,10358,280
3756,10359,281
3757,10360,23
3758,10361,23
3759,10362,23
3760,10363,23
3761,10364,23
3762,10365,23
3763,10366,23
3764,10367,23
3765,10368,23
3766,10369,23
3767,10370,23
3768,10371,23
3769,10372,282
3770,10373,23
3771,10374,23
3772,10375,23
3773,10376,23
3774,10377,23
3775,10378,23
3776,10379,23
3777,10380,283
3778,10381,23
3779,10382,23
3780,10383,23
3781,10384,284
3782,10385,230
3783,10386,230
3784,10387,230
3785,10388,285
3786,10389,286
3787,10390,287
3788,10391,23
3789,10392,27
3790,10393,201
3791,10394,48
3792,10395,27
3793,10396,201
3794,10397,48
3795,10398,27
3796,10399,201
3797,10400,48
3798,10401,27
3799,10402,201
3800,10403,48
3801,10404,27
3802,10405,201
3803,10406,48
3804,10407,27
3805,10408,201
3806,10409,48
3807,10410,27
3808,10411,201
3809,10412,48
3810,10413,288
3811,10414,23
3812,10415,23
3813,10415,23
3814,10415,23
3815,10416,289
3816,10416,23
3817,10416,23
3818,10417,23
3819,10417,23
3820,10417,23
3821,10418,108
3822,10418,108
3823,10418,23
3824,10419,23
3825,10419,23
3826,10419,23
3827,10420,23
3828,10420,23
3829,10420,23
3830,10421,23
3831,10421,23
3832,10421,290
3833,10422,291
3834,10423,290
3835,10424,291
3836,10425,290
3837,10426,291
3838,10427,23
3839,10428,23
3840,10429,23
3841,10430,292
3842,10431,293
3843,10432,292
3844,10433,293
3845,10434,292
3846,10435,293
3847,10436,294
3848,10437,27
3849,10438,295
3852,10441,297
3853,10442,297
3854,10443,298
3855,10444,23
3856,10445,23
3857,10446,23
3858,10447,23
3859,10448,23
3860,10449,23
3861,10450,299
3862,10450,300
3863,10451,299
3864,10451,300
3865,10452,300
3866,10453,300
3867,10454,23
3868,10455,23
3869,10456,108
3870,10457,108
3871,10458,301
3872,10459,302
3873,10460,23
3874,10461,23
3875,10462,108
3876,10463,108
3877,10464,303
3878,10465,27
3879,10466,304
3880,10467,23
3881,10468,23
3882,10468,23
3883,10469,305
3884,10469,305
3885,10470,23
3886,10470,23
3887,10471,23
3888,10471,23
3889,10472,306
3890,10472,307
3891,10473,308
3892,10474,309
3893,10475,310
3894,10475,23
3895,10476,23
3896,10476,23
3897,10477,23
3898,10477,23
3899,10478,23
3900,10478,311
3902,10479,272
3903,10480,27
3904,10480,272
3905,10481,27
3906,10481,272
3907,10482,27
3908,10483,272
3909,10484,27
3910,10485,108
3911,10486,108
3912,10487,23
3913,10488,22
3914,10489,313
3915,10490,22
3916,10491,313
3917,10492,22
3918,10492,313
3919,10493,22
3920,10493,313
3921,10494,23
3922,10494,23
3923,10495,23
3924,10496,23
3925,10497,108
3926,10498,108
3927,10499,23
3928,10500,23
3929,10500,23
3930,10501,23
3931,10501,23
3932,10502,23
3933,10502,23
3934,10503,23
3935,10504,23
3936,10505,314
3937,10506,314
3938,10507,315
3939,10508,23
3940,10509,70
3942,10511,23
3943,10512,23
3944,10513,23
3945,10514,316
3946,10515,316
3947,10516,317
3948,10517,317
3949,10518,23
3950,10519,318
3951,10520,319
3952,10521,70
3954,10523,319
3955,10524,70
3957,10525,319
3958,10525,23
3959,10526,23
3960,10527,23
3961,10528,23
3962,10529,108
3963,10530,108
3964,10531,23
3965,10532,23
3966,10532,23
3967,10533,23
3968,10533,23
3969,10534,320
3970,10535,224
3971,10536,321
3972,10537,23
3973,10538,23
3974,10539,23
3975,10540,322
3976,10541,322
3977,10542,108
3978,10543,108
3979,10544,23
3980,10544,23
3981,10545,23
3982,10545,23
3983,10546,23
3984,10546,323
3985,10547,23
3986,10547,23
3987,10548,324
3988,10548,324
3989,10549,325
3990,10549,325
3991,10550,108
3992,10550,108
3993,10551,23
3994,10551,23
3995,10552,23
3996,10553,23
3997,10554,326
3998,10555,23
3999,10556,112
4000,10557,112
4001,10558,112
4002,10559,112
4003,10560,28
4004,10561,23
4005,10562,28
4006,10563,23
4007,10564,23
4008,10565,23
4009,10566,327
4010,10567,366
4011,10568,327
4012,10569,366
4013,10570,328
4014,10571,329
4015,10572,330
4016,10573,434
4017,10574,331
4018,10575,27
4019,10576,331
4020,10577,27
4021,10578,331
4022,10579,27
4023,10580,88
4024,10580,332
4025,10580,331
4026,10580,27
4027,10581,333
4028,10581,85
4029,10581,85
4030,10581,334
4031,10582,272
4032,10582,313
4033,10582,335
4034,10582,27
4035,10583,27
4036,10584,27
4037,10585,27
4038,10586,28
4039,10587,336
4040,10588,336
4041,10589,337
4042,10590,338
4043,10591,48
4044,10592,339
4045,10593,224
4046,10594,51
4047,10595,48
4048,10596,48
4049,10597,48
4050,10598,340
4051,10599,340
4052,10600,340
4053,10601,340
4055,10603,342
4056,10604,343
4057,10605,27
4058,10606,344
4059,10607,345
4060,10608,316
4061,10609,346
4062,10610,309
4063,10611,347
4064,10612,348
4065,10612,348
4066,10613,347
4067,10613,349
4068,10614,347
4069,10614,316
4070,10615,350
4071,10615,350
4072,10616,346
4073,10617,351
4074,10618,346
4075,10619,352
4076,10619,316
4077,10620,316
4078,10620,353
4079,10621,353
4080,10621,354
4081,10622,355
4082,10622,346
4083,10623,356
4084,10624,357
4085,10625,358
4086,10626,359
4087,10627,358
4088,10628,358
4089,10629,224
4090,10630,346
4091,10631,360
4092,10632,132
4093,10633,132
4094,10634,327
4095,10635,361
4096,10636,362
4097,10637,347
4098,10638,347
4099,10639,224
4100,10640,346
4101,10641,346
4102,10642,346
4103,10643,363
4104,10644,364
4105,10645,365
4106,10646,364
4107,10647,365
4108,10648,364
4109,10649,365
4110,10650,366
4111,10651,367
4112,10652,346
4113,10653,367
4114,10654,346
4115,10655,367
4116,10656,346
4117,10657,368
4118,10658,368
4119,10659,369
4120,10660,367
4121,10661,367
4122,10662,370
4123,10663,371
4124,10664,23
4125,10665,367
4126,10666,372
4127,10667,213
4128,10668,372
4129,10669,213
4130,10670,373
4131,10671,374
4132,10672,434
4133,10673,434
4134,10674,375
4135,10675,376
4136,10676,377
4137,10677,378
4138,10678,70
4141,10681,379
4142,10682,316
4143,10682,316
4144,10683,380
4145,10683,381
4146,10684,382
4147,10684,383
4148,10685,383
4149,10686,384
4150,10687,224
4151,10688,224
4152,10689,224
4153,10690,224
4154,10691,224
4155,10692,385
4156,10693,42
4157,10694,385
4158,10695,42
4159,10696,385
4160,10697,42
4161,10698,224
4162,10699,224
4163,10700,386
4164,10701,224
4165,10702,386
4167,10704,70
4170,10707,388
4171,10708,389
4172,10709,390
4174,10711,388
4176,10713,393
4177,10714,394
4178,10715,395
4179,10716,396
4180,10717,224
4181,10718,309
4182,10719,397
4183,10720,224
4184,10721,398
4185,10722,398
4186,10723,27
4187,10724,399
4188,10725,400
4190,10727,309
4191,10728,402
4192,10729,309
4193,10730,402
4194,10731,371
4195,10732,403
4196,10733,132
4197,10734,404
4198,10735,405
4199,10736,132
4200,10737,404
4201,10738,405
4202,10739,132
4203,10740,404
4204,10741,405
4205,10742,434
4206,10743,406
4207,10744,407
4209,10746,409
4210,10747,302
4211,10747,410
4213,10748,412
4214,10749,309
4215,10750,402
4216,10751,413
4217,10752,414
4218,10752,415
4219,10753,415
4220,10754,416
4221,10755,309
4222,10756,417
4223,10757,417
4224,10758,418
4225,10759,418
4227,10761,393
4228,10762,420
4229,10763,421
4230,10764,346
4231,10765,422
4232,10766,423
4233,10767,473
4234,10768,423
4235,10769,473
4236,10770,423
4237,10771,473
4238,10772,424
4239,10773,425
4240,10774,426
4241,10775,426
4242,10776,427
4243,10777,427
4244,10778,427
4245,10779,426
4246,10780,426
4247,10781,428
4248,10781,429
4249,10782,428
4250,10783,428
4251,10784,430
4252,10785,430
4253,10786,431
4254,10786,432
4255,10787,430
4256,10788,430
4257,10789,48
4258,10790,48
4259,10791,428
4260,10792,309
4261,10793,433
4262,10794,434
4263,10795,435
4264,10796,436
4266,10798,436
4267,10799,17
4268,10800,438
4269,10801,309
4270,10802,402
4271,10803,436
4272,10804,224
4274,10806,436
4275,10807,421
4276,10808,436
4277,10809,439
4278,10810,414
4279,10811,421
4280,10812,440
4281,10813,429
4282,10814,429
4283,10815,421
4284,10816,48
4285,10817,28
4286,10818,428
4287,10818,48
4288,10819,48
4289,10820,441
4290,10821,48
4291,10822,48
4292,10823,422
4293,10824,442
4294,10825,421
4295,10826,309
4297,10827,436
4298,10827,425
4299,10828,422
4300,10828,421
4301,10829,421
4302,10830,368
4303,10830,436
4304,10831,421
4305,10831,421
4306,10832,14
4307,10832,422
4308,10833,425
4309,10834,422
4310,10835,425
4311,10836,422
4312,10837,425
4313,10838,422
4314,10839,421
4315,10840,425
4316,10841,422
4317,10842,425
4318,10842,422
4319,10843,444
4320,10843,445
4321,10844,436
4322,10844,421
4323,10847,14
4324,10848,309
4326,10848,17
4327,10849,309
4329,10850,309
4330,10851,402
4331,10852,446
4332,10853,447
4334,10855,449
4335,10856,48
4336,10857,450
4337,10858,451
4338,10859,451
4339,10860,421
4340,10861,444
4341,10862,452
4342,10863,453
4343,10864,421
4344,10865,70
4346,10867,454
4347,10868,309
4348,10868,455
4349,10869,70
4351,10870,456
4352,10871,70
4355,10873,48
4356,10874,48
4357,10875,48
4358,10876,48
4359,10877,309
4360,10878,425
4361,10878,425
4362,10879,425
4363,10880,422
4364,10881,425
4365,10882,422
4366,10882,421
4367,10883,425
4368,10884,422
4369,10885,309
4370,10886,421
4371,10887,425
4372,10888,422
4373,10889,457
4374,10890,309
4375,10890,425
4376,10891,422
4377,10891,309
4378,10892,309
4379,10893,425
4380,10894,422
4381,10894,371
4382,10894,309
4383,10895,429
4384,10895,425
4385,10895,309
4386,10896,230
4387,10896,309
4389,10898,309
4390,10899,70
4392,10901,421
4393,10902,459
4394,10902,421
4395,10903,70
4397,10905,70
4399,10906,309
4400,10906,460
4401,10907,460
4402,10908,309
4403,10909,70
4404,10909,309
4405,10910,70
4407,10912,309
4408,10913,462
4409,10914,425
4410,10915,422
4411,10915,309
4412,10916,70
4413,10917,462
4414,10917,425
4415,10918,422
4416,10919,421
4417,10920,421
4418,10921,463
4419,10922,462
4420,10923,425
4421,10924,422
4422,10925,425
4423,10926,422
4424,10927,309
4426,10929,421
4427,10930,464
4428,10931,462
4429,10932,425
4430,10933,422
4431,10934,462
4432,10935,425
4433,10935,422
4434,10936,309
4435,10937,402
4436,10938,309
4437,10939,402
4438,10940,462
4439,10940,425
4440,10940,422
4441,10941,309
4442,10942,402
4443,10943,434
4444,10944,313
4445,10945,465
4446,10946,313
4447,10947,465
4448,10947,313
4449,10948,465
4450,10949,421
4451,10950,271
4452,10951,462
4453,10952,425
4454,10953,422
4455,10953,462
4456,10954,425
4457,10955,422
4458,10956,466
4459,10957,462
4460,10958,425
4461,10959,422
4462,10960,462
4463,10961,425
4464,10962,422
4465,10963,462
4466,10964,425
4467,10965,422
4468,10966,462
4469,10966,425
4470,10967,422
4471,10968,467
4472,10969,467
4473,10969,17
4474,10970,468
4475,10971,469
4476,10971,337
4477,10972,337
4478,10973,337
4479,10974,309
4480,10975,470
4481,10976,471
4482,10977,472
4483,10978,473
4484,10978,474
4485,10979,473
4486,10979,474
4487,10980,470
4488,10980,475
4489,10981,429
4490,10981,470
4491,10982,476
4492,10983,475
4493,10983,470
4494,10984,476
4495,10984,475
4496,10985,470
4497,10986,476
4498,10987,475
4499,10988,470
4500,10989,476
4501,10990,475
4502,10990,477
4503,10991,470
4504,10992,475
4505,10992,470
4506,10993,475
4507,10993,17
4508,10994,478
4509,10995,478
4510,10996,470
4511,10997,475
4512,10998,470
4513,10999,470
4514,11000,475
4515,11001,479
4516,11002,479
4517,11003,480
4518,11004,470
4520,11006,470
4522,11008,470
4523,11008,475
4524,11009,429
4525,11010,429
4526,11011,429
4527,11012,481
4528,11012,476
4529,11013,481
4530,11014,476
4531,11015,470
4532,11016,482
4533,11017,474
4534,11018,482
4535,11019,474
4536,11020,480
4537,11020,480
4538,11021,472
4539,11021,483
4540,11022,484
4541,11023,485
4542,11023,486
4543,11024,436
4544,11025,487
4545,11026,488
4546,11026,489
4547,11027,474
4548,11028,489
4549,11029,474
4550,11029,490
4551,11030,17
4552,11031,490
4553,11032,17
4554,11032,491
4555,11033,490
4556,11034,480
4558,11036,493
4559,11037,476
4560,11038,475
4561,11039,476
4562,11040,475
4563,11041,309
4564,11042,309
4565,11043,474
4566,11044,474
4567,11045,494
4568,11046,428
4569,11047,495
4570,11048,470
4571,11049,475
4572,11050,444
4573,11051,496
4574,11052,29
4575,11053,470
4576,11054,497
4577,11055,498
4578,11055,499
4579,11055,470
4580,11056,497
4581,11057,498
4582,11057,499
4583,11057,495
4584,11058,500
4585,11059,500
4586,11060,470
4587,11061,475
4588,11061,305
4589,11061,305
4590,11062,501
4591,11062,476
4592,11063,48
4593,11063,502
4594,11064,48
4595,11065,502
4596,11066,503
4597,11066,470
4598,11066,475
4599,11067,470
4600,11067,475
4601,11067,504
4602,11068,475
4603,11068,504
4604,11069,475
4605,11069,505
4606,11070,506
4607,11070,506
4608,11070,507
4609,11071,476
4610,11071,475
4611,11071,476
4612,11072,475
4613,11072,508
4614,11073,508
4615,11073,509
4616,11074,509
4617,11074,507
4618,11075,510
4619,11076,510
4620,11077,507
4621,11077,507
4622,11077,470
4623,11078,507
4624,11078,507
4625,11078,476
4626,11079,475
4627,11080,476
4628,11080,475
4629,11080,17
4630,11081,476
4631,11081,475
4632,11081,476
4633,11082,475
4634,11082,495
4635,11082,495
4636,11083,476
4637,11083,475
4638,11083,476
4639,11084,475
4640,11085,476
4641,11086,511
4642,11087,476
4643,11088,511
4644,11089,476
4645,11090,511
4646,11091,476
4647,11092,511
4648,11092,476
4649,11093,511
4650,11094,476
4651,11094,511
4652,11095,476
4653,11095,511
4654,11096,476
4655,11096,511
4656,11097,476
4657,11098,512
4658,11098,476
4659,11098,512
4660,11099,513
4661,11099,514
4662,11099,513
4663,11100,514
4664,11100,515
4665,11100,433
4666,11101,515
4667,11101,433
4668,11101,515
4669,11102,433
4670,11103,516
4671,11103,517
4672,11104,474
4673,11104,517
4674,11105,474
4675,11106,517
4676,11107,474
4677,11107,476
4679,11109,519
4680,11109,520
4681,11110,521
4682,11111,17
4683,11112,515
4685,11113,523
4686,11114,17
4687,11114,474
4688,11115,17
4689,11115,474
4690,11116,515
4692,11118,476
4693,11118,476
4694,11119,472
4695,11119,48
4696,11120,524
4697,11121,472
4698,11121,470
4699,11122,476
4700,11122,476
4701,11123,476
4702,11124,476
4703,11125,476
4704,11126,476
4705,11127,525
4706,11128,526
4707,11129,527
4708,11130,528
4709,11131,529
4710,11132,530
4711,11133,525
4712,11133,531
4713,11134,532
4714,11134,532
4715,11135,533
4716,11135,534
4717,11136,535
4718,11136,536
4719,11137,536
4720,11138,17
4721,11139,537
4722,11140,527
4723,11141,538
4724,11142,539
4725,11142,526
4726,11143,530
4727,11143,540
4728,11144,541
4729,11145,542
4730,11146,540
4731,11147,541
4732,11148,542
4733,11149,527
4734,11150,527
4735,11150,476
4736,11151,543
4737,11152,544
4738,11152,545
4739,11153,544
4740,11153,545
4741,11153,530
4742,11153,546
4743,11154,474
4744,11154,546
4745,11154,474
4746,11154,476
4747,11155,531
4748,11156,476
4749,11157,531
4750,11158,531
4751,11158,547
4752,11159,548
4753,11160,476
4756,11163,476
4757,11163,476
4758,11164,476
4759,11164,530
4762,11166,28
4763,11167,476
4764,11167,530
4766,11168,476
4767,11169,476
4768,11169,476
4769,11170,530
4770,11171,476
4772,11173,553
4773,11173,476
4774,11174,531
4775,11174,476
4776,11175,531
4777,11176,530
4778,11177,530
4779,11178,476
4780,11179,476
4781,11180,531
4782,11181,476
4783,11182,531
4784,11183,530
4785,11184,527
4786,11185,476
4787,11185,554
4788,11186,476
4789,11186,476
4790,11187,476
4791,11188,476
4792,11188,530
4793,11189,530
4794,11189,476
4795,11190,476
4796,11191,530
4797,11192,527
4798,11192,555
4799,11193,527
4800,11193,555
4801,11194,527
4802,11194,555
4803,11195,556
4804,11195,527
4805,11196,527
4806,11196,555
4807,11197,557
4808,11197,555
4809,11198,557
4810,11198,530
4811,11199,530
4812,11199,474
4813,11200,527
4814,11200,527
4815,11201,558
4816,11201,527
4817,11202,558
4818,11202,515
4819,11203,559
4820,11203,558
4821,11204,530
4822,11204,558
4823,11205,530
4824,11205,526
4825,11206,560
4826,11206,515
4827,11207,560
4828,11208,527
4829,11208,527
4830,11209,527
4832,11210,558
4833,11210,526
4835,11212,527
4836,11212,560
4837,11213,527
4838,11214,558
4839,11215,527
4840,11216,558
4841,11216,527
4842,11217,558
4843,11218,563
4844,11218,474
4845,11219,563
4846,11219,474
4847,11220,527
4848,11220,474
4849,11221,527
4850,11222,474
4851,11223,527
4852,11224,558
4853,11225,527
4854,11226,558
4856,11228,527
4857,11229,558
4858,11230,527
4859,11231,558
4861,11233,474
4863,11235,474
4864,11236,558
4865,11237,70
4866,11238,635
4867,11239,558
4868,11240,70
4869,11241,635
4870,11242,558
4871,11243,70
4872,11244,635
4873,11244,558
4874,11245,70
4875,11246,635
4876,11247,558
4877,11248,70
4878,11249,635
4879,11250,558
4880,11251,70
4881,11251,635
4882,11252,530
4883,11253,515
4884,11254,371
4887,11255,568
4890,11256,568
4891,11257,569
4892,11258,570
4893,11259,570
4894,11260,526
4895,11260,371
4897,11261,476
4898,11262,476
4899,11263,527
4900,11263,526
4901,11264,527
4902,11264,527
4903,11265,527
4904,11265,371
4906,11266,573
4907,11267,526
4908,11268,574
4909,11269,527
4910,11270,531
4911,11271,531
4912,11272,575
4913,11273,527
4914,11274,531
4915,11275,527
4916,11276,531
4917,11277,527
4918,11278,531
4919,11279,527
4920,11280,531
4921,11281,463
4922,11282,526
4923,11283,474
4924,11284,531
4925,11285,531
4926,11286,531
4927,11287,531
4928,11288,527
4929,11289,531
4930,11290,527
4931,11290,531
4932,11291,371
4933,11291,527
4934,11292,526
4935,11293,527
4936,11294,531
4937,11295,527
4938,11295,531
4939,11296,527
4940,11296,531
4941,11297,527
4942,11298,531
4943,11299,527
4944,11300,576
4945,11301,527
4946,11302,576
4947,11303,526
4948,11304,531
4949,11305,527
4950,11306,531
4951,11307,527
4952,11308,531
4953,11309,476
4954,11309,531
4955,11310,476
4956,11310,531
4957,11311,531
4958,11311,476
4959,11312,526
4960,11313,476
4961,11314,531
4962,11315,476
4963,11315,531
4964,11316,476
4965,11316,531
4966,11317,476
4967,11318,531
4968,11319,476
4969,11320,476
4970,11321,531
4971,11321,476
4972,11322,531
4973,11322,531
4974,11323,526
4975,11323,531
4976,11324,371
4977,11325,526
4978,11326,526
4979,11327,577
4980,11328,578
4981,11329,579
4982,11330,580
4983,11331,581
4984,11332,582
4985,11333,579
4986,11334,580
4987,11335,581
4988,11336,582
4989,11337,476
4990,11338,526
4991,11339,531
4993,11341,434
4995,11342,434
4996,11342,526
4997,11343,584
4998,11343,371
4999,11344,584
5000,11344,371
5001,11345,531
5002,11345,531
5003,11346,526
5004,11346,531
5005,11347,476
5006,11347,531
5007,11348,476
5008,11348,531
5009,11349,476
5010,11349,531
5011,11350,531
5012,11351,472
5013,11351,569
5014,11352,585
5015,11352,476
5016,11353,531
5017,11353,476
5018,11354,531
5019,11354,476
5020,11355,531
5021,11356,476
5022,11357,531
5023,11358,474
5024,11359,476
5025,11360,586
5026,11361,476
5027,11362,586
5028,11363,476
5029,11364,586
5030,11364,586
5031,11364,476
5032,11365,476
5033,11365,305
5034,11365,476
5035,11366,476
5036,11367,531
5037,11368,476
5038,11369,476
5039,11370,476
5040,11371,476
5041,11372,476
5042,11373,476
5043,11374,526
5044,11375,472
5045,11376,587
5046,11377,526
5047,11378,526
5048,11379,588
5049,11380,588
5050,11381,589
5051,11382,476
5052,11383,531
5053,11384,476
5054,11385,531
5055,11386,474
5056,11387,531
5057,11388,476
5058,11389,476
5059,11390,531
5060,11390,476
5061,11391,531
5062,11391,476
5063,11392,531
5064,11392,476
5065,11393,531
5066,11393,476
5067,11394,531
5068,11395,476
5069,11396,531
5070,11397,590
5071,11398,305
5072,11399,305
5073,11400,474
5074,11401,305
5075,11401,474
5076,11402,591
5077,11402,476
5078,11403,531
5079,11404,476
5080,11405,531
5081,11406,476
5082,11406,531
5083,11407,476
5084,11407,531
5085,11408,476
5086,11408,531
5087,11409,472
5088,11409,472
5089,11410,472
5090,11410,472
5091,11411,305
5092,11411,592
5093,11412,305
5094,11413,531
5095,11414,531
5096,11414,531
5097,11415,531
5098,11415,531
5099,11416,593
5101,11417,472
5102,11417,595
5103,11418,596
5104,11419,597
5105,11420,472
5106,11421,595
5107,11421,596
5108,11422,472
5109,11422,595
5110,11423,596
5111,11423,474
5112,11424,305
5113,11424,597
5114,11425,597
5115,11426,531
5116,11426,531
5117,11427,598
5118,11427,595
5119,11428,593
5120,11429,599
5121,11430,526
5122,11431,476
5123,11432,531
5124,11433,476
5125,11434,531
5126,11435,476
5127,11436,531
5128,11436,476
5129,11436,531
5130,11436,600
5131,11437,600
5132,11437,531
5133,11437,601
5134,11437,5
5135,11438,474
5136,11439,5
5137,11440,474
5138,11441,5
5139,11441,474
5140,11442,476
5141,11442,531
5142,11443,476
5143,11444,531
5144,11444,476
5145,11445,531
5146,11445,476
5147,11446,531
5148,11447,476
5149,11448,531
5150,11449,476
5151,11450,531
5152,11450,476
5153,11451,531
5154,11451,476
5155,11452,531
5156,11453,600
5157,11454,600
5158,11455,476
5159,11456,531
5160,11457,476
5161,11458,531
5162,11458,476
5163,11459,593
5164,11459,531
5165,11460,476
5166,11460,593
5167,11461,531
5168,11461,434
5169,11462,17
5170,11463,531
5171,11463,525
5172,11464,602
5173,11464,17
5174,11465,531
5175,11465,531
5176,11466,531
5177,11467,603
5178,11468,17
5179,11469,604
5180,11470,604
5181,11471,604
5182,11472,474
5183,11473,472
5184,11474,605
5185,11475,472
5186,11476,605
5187,11477,305
5188,11478,305
5189,11479,569
5190,11480,472
5191,11480,606
5192,11481,472
5193,11482,606
5194,11483,472
5195,11484,606
5196,11485,305
5197,11486,569
5198,11486,607
5199,11487,525
5200,11487,531
5201,11488,608
5203,11490,584
5204,11491,608
5206,11492,584
5207,11492,609
5208,11493,609
5209,11493,610
5210,11494,525
5211,11494,610
5212,11495,525
5213,11495,611
5214,11496,612
5215,11496,531
5216,11497,612
5217,11498,531
5218,11499,612
5219,11499,531
5220,11500,612
5221,11500,531
5222,11501,609
5223,11502,525
5224,11502,609
5225,11503,525
5226,11503,613
5227,11504,612
5228,11504,614
5229,11505,531
5230,11505,613
5231,11506,612
5232,11506,614
5233,11507,531
5234,11508,613
5235,11509,612
5236,11510,614
5237,11511,531
5238,11512,613
5239,11512,612
5240,11513,614
5241,11514,531
5242,11515,615
5243,11516,616
5245,11518,615
5246,11519,616
5248,11520,615
5249,11520,616
5251,11522,617
5252,11522,714
5256,11523,525
5257,11524,617
5258,11525,714
5262,11529,525
5263,11530,617
5264,11530,714
5268,11534,525
5269,11535,617
5270,11536,714
5274,11539,525
5275,11539,617
5276,11540,714
5280,11542,525
5281,11542,618
5282,11543,618
5283,11543,619
5287,11547,531
5288,11548,619
5292,11551,531
5293,11551,619
5297,11553,531
5304,11557,622
5306,11558,531
5307,11558,622
5309,11559,531
5310,11560,622
5312,11561,531
5313,11562,525
5314,11563,17
5315,11563,623
5318,11565,626
5320,11565,626
5322,11566,626
5324,11568,627
5325,11569,531
5326,11570,627
5327,11571,531
5328,11572,628
5329,11573,531
5330,11574,569
5331,11575,629
5332,11576,531
5333,11577,629
5334,11578,531
5335,11579,630
5336,11580,531
5337,11581,630
5338,11582,531
5339,11582,531
5341,11583,632
5342,11584,633
5346,11587,90
5348,11588,531
5349,11589,90
5351,11590,531
5352,11591,90
5354,11593,531
5355,11594,90
5357,11596,531
5358,11596,90
5360,11597,531
5361,11598,90
5363,11600,531
5364,11600,525
5365,11601,17
5366,11601,525
5367,11602,17
5368,11603,305
5369,11604,77
5371,11606,305
5372,11607,77
5374,11609,305
5375,11610,77
5377,11612,305
5378,11612,77
5380,11613,305
5381,11613,77
5383,11614,569
5384,11614,634
5385,11614,531
5386,11615,634
5387,11615,531
5388,11615,634
5389,11616,531
5390,11616,531
5391,11617,635
5392,11617,531
5393,11618,635
5394,11618,531
5395,11619,635
5396,11619,531
5397,11620,635
5398,11620,531
5399,11621,635
5400,11621,531
5401,11622,635
5402,11622,531
5403,11623,636
5404,11623,635
5405,11624,531
5406,11625,636
5407,11626,635
5408,11627,531
5409,11627,636
5410,11628,635
5411,11628,531
5412,11629,636
5413,11629,635
5414,11630,531
5415,11631,636
5416,11632,635
5417,11633,531
5418,11634,636
5419,11635,635
5420,11636,531
5421,11637,635
5422,11638,531
5423,11639,635
5424,11640,531
5425,11641,637
5426,11642,531
5427,11643,637
5428,11644,531
5429,11645,48
5430,11646,90
5431,11647,476
5432,11648,531
5433,11649,90
5434,11650,476
5435,11651,531
5436,11652,635
5437,11653,531
5438,11654,635
5439,11655,531
5440,11656,635
5441,11657,531
5442,11658,48
5443,11659,531
5444,11659,48
5445,11659,531
5446,11659,309
5447,11660,638
5448,11661,639
5449,11662,476
5450,11663,531
5451,11664,639
5452,11665,476
5453,11666,531
5454,11666,639
5455,11667,476
5456,11667,531
5457,11668,531
5458,11669,640
5459,11670,531
5460,11671,640
5461,11672,531
5462,11673,641
5463,11674,371
5464,11675,371
5465,11676,642
5466,11677,531
5467,11678,476
5468,11679,476
5469,11680,476
5470,11681,476
5473,11684,645
5475,11686,645
5476,11687,371
5477,11688,371
5478,11689,476
5479,11690,531
5480,11691,476
5481,11692,531
5482,11692,641
5483,11693,531
5484,11693,646
5485,11694,647
5486,11695,647
5487,11696,635
5488,11697,48
5489,11698,647
5490,11699,635
5491,11700,48
5492,11701,647
5493,11702,635
5494,11702,48
5495,11703,647
5496,11704,647
5497,11705,647
5498,11706,641
5499,11707,648
5501,11708,648
5503,11709,476
5504,11710,635
5505,11711,647
5506,11712,476
5507,11713,635
5508,11714,647
5509,11715,476
5510,11716,635
5511,11717,647
5512,11718,305
5513,11719,635
5514,11719,647
5515,11720,635
5516,11720,647
5517,11721,635
5518,11722,635
5519,11723,635
5520,11723,635
5521,11724,647
5522,11724,635
5523,11725,647
5524,11726,635
5525,11727,635
5526,11728,647
5531,11733,650
5532,11734,641
5533,11735,650
5534,11736,651
5535,11737,651
5536,11738,652
5537,11739,652
5538,11740,641
5539,11741,653
5540,11742,653
5541,11743,654
5542,11744,655
5543,11745,655
5544,11746,656
5545,11747,657
5546,11748,657
5547,11749,657
5548,11750,658
5549,11751,659
5550,11752,660
5551,11753,660
5552,11754,641
5553,11755,641
5554,11756,641
5555,11757,645
5556,11758,472
5557,11759,661
5558,11760,662
5559,11761,663
5560,11762,664
5562,11764,664
5564,11766,665
5565,11767,531
5566,11768,667
5567,11769,531
5568,11770,667
5569,11771,666
5570,11772,526
5571,11773,667
5573,11775,667
5575,11777,526
5576,11778,531
5577,11779,667
5578,11780,531
5579,11781,667
5580,11782,531
5581,11783,306
5582,11784,23
5583,11785,23
5584,11786,23
5585,11787,668
5586,11788,224
5587,11789,23
5588,11790,23
5589,11791,23
5590,11792,316
5591,11793,316
5592,11794,23
5593,11795,23
5594,11796,669
5595,11797,108
5596,11798,108
5597,11799,23
5598,11800,88
5599,11801,670
5600,11802,316
5601,11803,21
5602,11804,272
5603,11805,313
5604,11806,159
5605,11807,671
5606,11808,434
5607,11809,48
5608,11810,48
5609,11811,48
5610,11812,230
5611,11813,434
5612,11814,672
5613,11815,673
5614,11816,346
5615,11817,327
5616,11818,674
5617,11819,346
5618,11820,364
5619,11821,365
5620,11822,364
5621,11822,365
5622,11822,364
5623,11822,365
5624,11823,675
5625,11823,224
5626,11823,224
5627,11823,224
5628,11824,224
5629,11825,224
5630,11826,224
5631,11827,224
5632,11828,398
5633,11829,398
5635,11831,302
5636,11832,410
5637,11833,425
5638,11834,677
5639,11835,678
5640,11836,678
5641,11837,346
5642,11838,422
5643,11839,48
5644,11840,17
5646,11842,680
5647,11843,324
5648,11844,681
5649,11845,48
5650,11846,474
5651,11846,425
5652,11847,422
5653,11847,682
5654,11848,683
5656,11849,683
5658,11850,17
5659,11851,430
5660,11852,48
5661,11853,685
5662,11854,70
5664,11856,48
5665,11857,48
5666,11858,434
5667,11859,686
5668,11860,434
5669,11861,687
5670,11862,425
5671,11863,422
5672,11864,17
5673,11865,17
5675,11867,689
5677,11869,462
5678,11870,425
5679,11871,422
5680,11872,462
5681,11873,425
5682,11874,422
5683,11875,464
5684,11876,464
5685,11877,462
5686,11878,425
5687,11879,422
5688,11881,462
5689,11882,425
5690,11883,422
5691,11884,462
5692,11886,425
5693,11887,422
5694,11888,17
5695,11889,472
5696,11890,17
5697,11891,470
5698,11892,475
5699,11892,472
5700,11893,690
5701,11893,690
5702,11894,17
5703,11894,691
5704,11895,692
5705,11896,691
5706,11897,692
5707,11898,693
5708,11899,694
5709,11900,493
5710,11901,476
5711,11902,475
5712,11903,476
5713,11904,475
5714,11905,695
5715,11906,696
5716,11906,496
5717,11907,29
5718,11908,496
5719,11909,29
5720,11910,470
5721,11911,475
5722,11911,48
5723,11912,502
5724,11913,48
5725,11914,502
5726,11915,697
5727,11916,476
5728,11917,476
5729,11918,474
5731,11920,510
5732,11920,510
5733,11921,699
5734,11922,700
5735,11922,476
5736,11923,475
5737,11923,476
5738,11924,475
5739,11925,474
5740,11926,701
5741,11927,701
5742,11928,701
5743,11929,17
5744,11930,470
5745,11932,702
5746,11934,17
5747,11935,702
5748,11935,17
5749,11936,476
5750,11937,512
5751,11938,476
5752,11939,512
5753,11939,521
5754,11940,474
5755,11940,474
5756,11940,474
5757,11941,474
5758,11941,472
5759,11941,474
5760,11942,346
5761,11943,690
5762,11944,472
5763,11944,703
5764,11944,704
5766,11945,525
5767,11945,527
5768,11946,17
5769,11946,547
5770,11946,706
5771,11947,476
5772,11948,476
5774,11950,476
5775,11950,476
5776,11951,17
5777,11952,527
5778,11953,555
5779,11954,527
5780,11955,555
5781,11955,527
5782,11956,527
5783,11956,708
5784,11957,531
5785,11958,527
5786,11959,708
5787,11960,531
5788,11960,527
5789,11961,708
5790,11961,531
5791,11962,709
5792,11962,474
5793,11963,709
5794,11963,474
5795,11964,558
5796,11964,710
5797,11965,558
5798,11965,710
5799,11966,558
5800,11966,710
5801,11967,711
5804,11969,714
5805,11970,714
5807,11972,527
5808,11973,531
5809,11974,527
5810,11975,531
5813,11977,476
5814,11977,657
5815,11978,531
5816,11979,657
5817,11980,531
5818,11981,657
5819,11982,531
5820,11983,472
5821,11984,585
5822,11984,476
5823,11985,531
5824,11985,476
5825,11986,531
5826,11986,476
5827,11987,531
5828,11987,476
5829,11988,531
5831,11990,476
5832,11991,586
5833,11992,476
5834,11993,586
5835,11994,476
5836,11995,586
5837,11996,476
5838,11997,476
5839,11998,476
5840,11999,476
5841,12000,719
5842,12001,720
5843,12002,720
5844,12003,472
5845,12004,587
5846,12005,476
5847,12006,531
5848,12007,476
5849,12008,531
5850,12009,476
5851,12010,531
5852,12011,476
5853,12012,531
5854,12012,589
5855,12013,531
5857,12014,722
5858,12015,531
5859,12015,531
5860,12015,585
5861,12016,531
5862,12016,722
5863,12016,722
5864,12017,476
5865,12017,476
5866,12017,476
5867,12018,531
5868,12018,531
5869,12019,531
5870,12019,472
5871,12020,595
5872,12020,596
5873,12021,531
5874,12021,531
5875,12022,531
5876,12022,531
5877,12023,531
5878,12024,531
5879,12025,598
5880,12026,595
5881,12027,593
5882,12027,531
5883,12028,723
5884,12028,531
5885,12029,600
5886,12029,601
5887,12030,476
5888,12030,531
5889,12031,476
5890,12032,531
5891,12033,476
5892,12034,531
5893,12034,476
5894,12035,531
5895,12035,600
5896,12036,724
5897,12036,724
5898,12037,531
5899,12038,525
5900,12039,602
5901,12039,17
5902,12040,48
5903,12040,48
5904,12041,48
5905,12041,474
5906,12042,603
5907,12042,474
5908,12043,725
5910,12044,525
5911,12045,531
5912,12045,17
5913,12046,612
5914,12046,531
5915,12047,17
5917,12049,728
5918,12050,729
5919,12051,474
5920,12052,728
5921,12053,729
5922,12054,474
5923,12054,730
5924,12055,635
5925,12055,90
5926,12055,531
5927,12056,635
5928,12056,90
5929,12056,531
5930,12057,635
5931,12057,90
5932,12057,531
5933,12058,731
5934,12058,729
5935,12058,732
5936,12059,531
5938,12059,734
5939,12060,734
5941,12060,736
5942,12061,736
5944,12062,635
5945,12062,647
5946,12063,635
5947,12063,647
5948,12064,635
5949,12064,647
5950,12065,647
5951,12066,647
5952,12067,738
5953,12068,739
5954,12069,647
5955,12070,738
5956,12071,739
5957,12072,647
5958,12073,740
5961,12076,730
5962,12077,742
5963,12078,743
5964,12079,743
5965,12080,744
5966,12081,531
5967,12081,744
5968,12081,531
5969,12082,745
5970,12083,746
5973,12086,746
